county_fips,state,county,population,households,zips,dma_code,dma_name,dma_pop_share,split_county,cbsa_code,cbsa_name,cbsa_type
01001,AL,AUTAUGA,56191,21671,8,698,MONTGOMERY,1.0,False,33860,Montgomery AL,Metro
01003,AL,BALDWIN,231674,93059,26,686,MOBILE-PENSACOLA,1.0,False,19300,Daphne-Fairhope-Foley AL,Metro
01005,AL,BARBOUR,24016,9142,5,522,"COLUMBUS, GA",1.0,False,21640,Eufaula AL-GA,Micro
01007,AL,BIBB,23310,8260,8,630,BIRMINGHAM,1.0,False,13820,Birmingham AL,Metro
01009,AL,BLOUNT,43340,16394,7,630,BIRMINGHAM,1.0,False,13820,Birmingham AL,Metro
01011,AL,BULLOCK,10959,4166,3,698,MONTGOMERY,0.8334,True,,,
01013,AL,BUTLER,18787,8120,5,698,MONTGOMERY,1.0,False,,,
01015,AL,CALHOUN,126278,50266,17,630,BIRMINGHAM,1.0,False,11500,Anniston-Oxford AL,Metro
01017,AL,CHAMBERS,35822,14660,4,522,"COLUMBUS, GA",1.0,False,29300,LaGrange GA-AL,Micro
01019,AL,CHEROKEE,20991,8792,5,630,BIRMINGHAM,1.0,False,,,
01021,AL,CHILTON,39775,15426,7,630,BIRMINGHAM,1.0,False,13820,Birmingham AL,Metro
01023,AL,CHOCTAW,12521,5621,10,711,MERIDIAN,1.0,False,,,
01025,AL,CLARKE,23874,9965,9,686,MOBILE-PENSACOLA,1.0,False,,,
01027,AL,CLAY,13599,5708,6,630,BIRMINGHAM,1.0,False,,,
01029,AL,CLEBURNE,14731,5909,5,524,ATLANTA,1.0,False,,,
01031,AL,COFFEE,54122,21475,6,606,DOTHAN,1.0,False,21460,Enterprise AL,Micro
01033,AL,COLBERT,55708,23790,6,691,HUNTSVILLE-DECATUR-FLORENCE,1.0,False,22520,Florence-Muscle Shoals AL,Metro
01035,AL,CONECUH,11365,4925,6,686,MOBILE-PENSACOLA,1.0,False,,,
01037,AL,COOSA,10060,4342,5,630,BIRMINGHAM,1.0,False,45180,Talladega-Sylacauga AL,Micro
01039,AL,COVINGTON,37272,15407,9,698,MONTGOMERY,1.0,False,,,
01041,AL,CRENSHAW,13816,5885,8,698,MONTGOMERY,1.0,False,,,
01043,AL,CULLMAN,86701,34325,13,630,BIRMINGHAM,1.0,False,18980,Cullman AL,Micro
01045,AL,DALE,49424,20175,9,606,DOTHAN,1.0,False,37120,Ozark AL,Micro
01047,AL,DALLAS,39781,16670,9,698,MONTGOMERY,1.0,False,42820,Selma AL,Micro
01049,AL,DE KALB,67495,25837,14,691,HUNTSVILLE-DECATUR-FLORENCE,1.0,False,22840,Fort Payne AL,Micro
01051,AL,ELMORE,94834,34872,9,698,MONTGOMERY,1.0,False,33860,Montgomery AL,Metro
01053,AL,ESCAMBIA,36757,14520,7,686,MOBILE-PENSACOLA,1.0,False,,,
01055,AL,ETOWAH,106393,43134,12,630,BIRMINGHAM,1.0,False,23460,Gadsden AL,Metro
01057,AL,FAYETTE,14745,5954,5,630,BIRMINGHAM,1.0,False,,,
01059,AL,FRANKLIN,34554,13129,7,691,HUNTSVILLE-DECATUR-FLORENCE,1.0,False,40770,Russellville AL,Micro
01061,AL,GENEVA,27448,11172,9,606,DOTHAN,1.0,False,20020,Dothan AL,Metro
01063,AL,GREENE,7572,3332,6,630,BIRMINGHAM,1.0,False,46220,Tuscaloosa AL,Metro
01065,AL,HALE,20043,8136,6,630,BIRMINGHAM,0.8868,True,46220,Tuscaloosa AL,Metro
01067,AL,HENRY,17660,7377,5,606,DOTHAN,1.0,False,20020,Dothan AL,Metro
01069,AL,HOUSTON,104170,43249,12,606,DOTHAN,1.0,False,20020,Dothan AL,Metro
01071,AL,JACKSON,56386,23321,19,691,HUNTSVILLE-DECATUR-FLORENCE,1.0,False,42460,Scottsboro AL,Micro
01073,AL,JEFFERSON,715844,290196,91,630,BIRMINGHAM,1.0,False,13820,Birmingham AL,Metro
01075,AL,LAMAR,14864,6338,6,673,COLUMBUS-TUPELO-WEST POINT,1.0,False,,,
01077,AL,LAUDERDALE,94143,39761,11,691,HUNTSVILLE-DECATUR-FLORENCE,1.0,False,22520,Florence-Muscle Shoals AL,Metro
01079,AL,LAWRENCE,25471,10551,5,691,HUNTSVILLE-DECATUR-FLORENCE,1.0,False,19460,Decatur AL,Metro
01081,AL,LEE,172538,68082,13,522,"COLUMBUS, GA",1.0,False,12220,Auburn-Opelika AL,Metro
01083,AL,LIMESTONE,99130,38540,12,691,HUNTSVILLE-DECATUR-FLORENCE,1.0,False,26620,Huntsville AL,Metro
01085,AL,LOWNDES,9520,3921,5,698,MONTGOMERY,1.0,False,33860,Montgomery AL,Metro
01087,AL,MACON,18921,7704,7,698,MONTGOMERY,1.0,False,12220,Auburn-Opelika AL,Metro
01089,AL,MADISON,392376,158536,37,691,HUNTSVILLE-DECATUR-FLORENCE,1.0,False,26620,Huntsville AL,Metro
01091,AL,MARENGO,16293,6959,10,698,MONTGOMERY,1.0,False,,,
01093,AL,MARION,27195,11250,6,630,BIRMINGHAM,1.0,False,,,
01095,AL,MARSHALL,104118,39408,9,691,HUNTSVILLE-DECATUR-FLORENCE,1.0,False,10700,Albertville AL,Micro
01097,AL,MOBILE,415186,163904,52,686,MOBILE-PENSACOLA,1.0,False,33660,Mobile AL,Metro
01099,AL,MONROE,18533,7848,11,686,MOBILE-PENSACOLA,1.0,False,,,
01101,AL,MONTGOMERY,231499,94326,42,698,MONTGOMERY,1.0,False,33860,Montgomery AL,Metro
01103,AL,MORGAN,129902,51765,13,691,HUNTSVILLE-DECATUR-FLORENCE,1.0,False,19460,Decatur AL,Metro
01105,AL,PERRY,7608,2950,2,698,MONTGOMERY,1.0,False,,,
01107,AL,PICKENS,19630,7637,6,630,BIRMINGHAM,1.0,False,46220,Tuscaloosa AL,Metro
01109,AL,PIKE,34370,14472,6,698,MONTGOMERY,1.0,False,45980,Troy AL,Micro
01111,AL,RANDOLPH,21550,8756,5,524,ATLANTA,1.0,False,,,
01113,AL,RUSSELL,59426,24044,9,522,"COLUMBUS, GA",1.0,False,17980,Columbus GA-AL,Metro
01115,AL,SAINT CLAIR,82631,31225,13,630,BIRMINGHAM,1.0,False,13820,Birmingham AL,Metro
01117,AL,SHELBY,216290,81465,19,630,BIRMINGHAM,1.0,False,13820,Birmingham AL,Metro
01119,AL,SUMTER,12016,4839,8,711,MERIDIAN,1.0,False,,,
01121,AL,TALLADEGA,78304,31749,10,630,BIRMINGHAM,1.0,False,45180,Talladega-Sylacauga AL,Micro
01123,AL,TALLAPOOSA,36604,15480,6,698,MONTGOMERY,1.0,False,10760,Alexander City AL,Micro
01125,AL,TUSCALOOSA,210219,83757,26,630,BIRMINGHAM,1.0,False,46220,Tuscaloosa AL,Metro
01127,AL,WALKER,66030,26787,18,630,BIRMINGHAM,1.0,False,13820,Birmingham AL,Metro
01129,AL,WASHINGTON,15276,6285,14,686,MOBILE-PENSACOLA,1.0,False,,,
01131,AL,WILCOX,11456,4681,12,698,MONTGOMERY,1.0,False,,,
01133,AL,WINSTON,25099,10501,8,630,BIRMINGHAM,1.0,False,,,
02013,AK,ALEUTIANS EAST,3410,480,5,0,OUTSIDE ANY DMA (REMOTE ALASKA),1.0,False,,,
02016,AK,ALEUTIANS WEST,4997,900,7,0,OUTSIDE ANY DMA (REMOTE ALASKA),1.0,False,,,
02020,AK,ANCHORAGE,292837,109351,31,743,ANCHORAGE,1.0,False,11260,Anchorage AK,Metro
02050,AK,BETHEL,18484,4879,27,0,OUTSIDE ANY DMA (REMOTE ALASKA),1.0,False,,,
02060,AK,BRISTOL BAY,912,378,3,0,OUTSIDE ANY DMA (REMOTE ALASKA),1.0,False,,,
02063,AK,CHUGACH,7081,2774,4,0,OUTSIDE ANY DMA (REMOTE ALASKA),1.0,False,,,
02066,AK,COPPER RIVER,2503,1103,4,0,OUTSIDE ANY DMA (REMOTE ALASKA),1.0,False,,,
02068,AK,DENALI,1554,726,5,0,OUTSIDE ANY DMA (REMOTE ALASKA),1.0,False,,,
02070,AK,DILLINGHAM,4856,1556,7,0,OUTSIDE ANY DMA (REMOTE ALASKA),1.0,False,,,
02090,AK,FAIRBANKS NORTH STAR,95642,36479,16,745,FAIRBANKS,1.0,False,21820,Fairbanks-College AK,Metro
02100,AK,HAINES,2165,1010,1,0,OUTSIDE ANY DMA (REMOTE ALASKA),1.0,False,,,
02105,AK,HOONAH ANGOON,2231,923,6,0,OUTSIDE ANY DMA (REMOTE ALASKA),1.0,False,,,
02110,AK,JUNEAU,32201,12936,8,747,JUNEAU,1.0,False,27940,Juneau AK,Micro
02122,AK,KENAI PENINSULA,58778,23872,15,743,ANCHORAGE,1.0,False,,,
02130,AK,KETCHIKAN GATEWAY,13942,5476,3,0,OUTSIDE ANY DMA (REMOTE ALASKA),1.0,False,28540,Ketchikan AK,Micro
02150,AK,KODIAK ISLAND,13068,4602,8,0,OUTSIDE ANY DMA (REMOTE ALASKA),1.0,False,,,
02158,AK,KUSILVAK,8251,1915,12,0,OUTSIDE ANY DMA (REMOTE ALASKA),1.0,False,,,
02164,AK,LAKE AND PENINSULA,1383,513,12,0,OUTSIDE ANY DMA (REMOTE ALASKA),1.0,False,,,
02170,AK,MATANUSKA SUSITNA,107006,38329,12,743,ANCHORAGE,1.0,False,11260,Anchorage AK,Metro
02180,AK,NOME,10014,3017,14,0,OUTSIDE ANY DMA (REMOTE ALASKA),1.0,False,,,
02185,AK,NORTH SLOPE,9253,2190,9,0,OUTSIDE ANY DMA (REMOTE ALASKA),1.0,False,,,
02188,AK,NORTHWEST ARCTIC,7712,1984,11,0,OUTSIDE ANY DMA (REMOTE ALASKA),1.0,False,,,
02195,AK,PETERSBURG,3938,1552,2,0,OUTSIDE ANY DMA (REMOTE ALASKA),1.0,False,,,
02198,AK,PRINCE OF WALES HYDER,5109,2083,8,0,OUTSIDE ANY DMA (REMOTE ALASKA),1.0,False,,,
02220,AK,SITKA,8524,3441,2,0,OUTSIDE ANY DMA (REMOTE ALASKA),1.0,False,,,
02230,AK,SKAGWAY,1240,531,1,0,OUTSIDE ANY DMA (REMOTE ALASKA),1.0,False,,,
02240,AK,SOUTHEAST FAIRBANKS,6931,2484,7,0,OUTSIDE ANY DMA (REMOTE ALASKA),1.0,False,,,
02275,AK,WRANGELL,2127,933,2,0,OUTSIDE ANY DMA (REMOTE ALASKA),1.0,False,,,
02282,AK,YAKUTAT,657,265,1,0,OUTSIDE ANY DMA (REMOTE ALASKA),1.0,False,,,
02290,AK,YUKON KOYUKUK,5351,2228,30,0,OUTSIDE ANY DMA (REMOTE ALASKA),1.0,False,,,
04001,AZ,APACHE,66967,22242,28,790,ALBUQUERQUE-SANTA FE,1.0,False,,,
04003,AZ,COCHISE,127279,51479,26,789,TUCSON-SIERRA VISTA,1.0,False,43420,Sierra Vista-Douglas AZ,Metro
04005,AZ,COCONINO,141503,49325,26,753,PHOENIX,1.0,False,22380,Flagstaff AZ,Metro
04007,AZ,GILA,55123,22906,14,753,PHOENIX,1.0,False,37740,Payson AZ,Micro
04009,AZ,GRAHAM,34928,11415,9,753,PHOENIX,1.0,False,40940,Safford AZ,Micro
04011,AZ,GREENLEE,9565,3634,4,753,PHOENIX,1.0,False,,,
04012,AZ,LA PAZ,16557,7370,9,753,PHOENIX,1.0,False,,,
04013,AZ,MARICOPA,4440887,1649224,191,753,PHOENIX,1.0,False,38060,Phoenix-Mesa-Chandler AZ,Metro
04015,AZ,MOHAVE,212594,91052,31,753,PHOENIX,1.0,False,29420,Lake Havasu City-Kingman AZ,Metro
04017,AZ,NAVAJO,109312,37709,29,753,PHOENIX,1.0,False,43320,Show Low AZ,Micro
04019,AZ,PIMA,1054777,432871,69,789,TUCSON-SIERRA VISTA,1.0,False,46060,Tucson AZ,Metro
04021,AZ,PINAL,392677,134937,29,753,PHOENIX,1.0,False,38060,Phoenix-Mesa-Chandler AZ,Metro
04023,AZ,SANTA CRUZ,47945,16715,8,789,TUCSON-SIERRA VISTA,1.0,False,35700,Nogales AZ,Micro
04025,AZ,YAVAPAI,238858,105836,34,753,PHOENIX,1.0,False,39150,Prescott Valley-Prescott AZ,Metro
04027,AZ,YUMA,203967,69612,12,771,YUMA-EL CENTRO,1.0,False,49740,Yuma AZ,Metro
05001,AR,ARKANSAS,16637,7075,9,693,LITTLE ROCK-PINE BLUFF,1.0,False,,,
05003,AR,ASHLEY,19561,8210,7,628,MONROE-EL DORADO,1.0,False,,,
05005,AR,BAXTER,40706,18583,12,619,"SPRINGFIELD, MO",1.0,False,34260,Mountain Home AR,Micro
05007,AR,BENTON,272063,100316,22,670,FORT SMITH-FAY-SPRNGDL,1.0,False,22220,Fayetteville-Springdale-Rogers AR,Metro
05009,AR,BOONE,39855,16452,9,619,"SPRINGFIELD, MO",1.0,False,25460,Harrison AR,Micro
05011,AR,BRADLEY,10636,4315,4,693,LITTLE ROCK-PINE BLUFF,1.0,False,,,
05013,AR,CALHOUN,3708,1630,3,693,LITTLE ROCK-PINE BLUFF,1.0,False,15780,Camden AR,Micro
05015,AR,CARROLL,27122,11275,6,619,"SPRINGFIELD, MO",1.0,False,,,
05017,AR,CHICOT,10564,4330,3,647,GREENWOOD-GREENVILLE,1.0,False,,,
05019,AR,CLARK,23425,8929,10,693,LITTLE ROCK-PINE BLUFF,1.0,False,11660,Arkadelphia AR,Micro
05021,AR,CLAY,14633,6208,11,734,JONESBORO,1.0,False,,,
05023,AR,CLEBURNE,24714,10830,11,693,LITTLE ROCK-PINE BLUFF,1.0,False,,,
05025,AR,CLEVELAND,7101,2899,3,693,LITTLE ROCK-PINE BLUFF,1.0,False,38220,Pine Bluff AR,Micro
05027,AR,COLUMBIA,23763,9595,6,612,SHREVEPORT,1.0,False,31620,Magnolia AR,Micro
05029,AR,CONWAY,20071,8139,9,693,LITTLE ROCK-PINE BLUFF,1.0,False,,,
05031,AR,CRAIGHEAD,111907,43505,15,734,JONESBORO,1.0,False,27860,Jonesboro AR,Metro
05033,AR,CRAWFORD,61099,23378,11,670,FORT SMITH-FAY-SPRNGDL,1.0,False,22900,Fort Smith AR-OK,Metro
05035,AR,CRITTENDEN,47443,18549,10,640,MEMPHIS,1.0,False,32820,Memphis TN-MS-AR,Metro
05037,AR,CROSS,16582,6605,5,640,MEMPHIS,1.0,False,,,
05039,AR,DALLAS,6513,2784,4,693,LITTLE ROCK-PINE BLUFF,1.0,False,,,
05041,AR,DESHA,12227,5210,8,693,LITTLE ROCK-PINE BLUFF,1.0,False,,,
05043,AR,DREW,16384,6725,5,693,LITTLE ROCK-PINE BLUFF,1.0,False,,,
05045,AR,FAULKNER,120359,46376,11,693,LITTLE ROCK-PINE BLUFF,1.0,False,30780,Little Rock-North Little Rock-Conway AR,Metro
05047,AR,FRANKLIN,17427,6757,6,670,FORT SMITH-FAY-SPRNGDL,1.0,False,,,
05049,AR,FULTON,10423,4314,9,619,"SPRINGFIELD, MO",1.0,False,,,
05051,AR,GARLAND,108087,47034,12,693,LITTLE ROCK-PINE BLUFF,1.0,False,26300,Hot Springs AR,Metro
05053,AR,GRANT,16380,6490,5,693,LITTLE ROCK-PINE BLUFF,1.0,False,30780,Little Rock-North Little Rock-Conway AR,Metro
05055,AR,GREENE,44818,17323,7,734,JONESBORO,1.0,False,37500,Paragould AR,Micro
05057,AR,HEMPSTEAD,18305,7283,8,612,SHREVEPORT,1.0,False,,,
05059,AR,HOT SPRING,31650,11871,5,693,LITTLE ROCK-PINE BLUFF,1.0,False,31680,Malvern AR,Micro
05061,AR,HOWARD,14467,5779,5,612,SHREVEPORT,1.0,False,,,
05063,AR,INDEPENDENCE,36615,14388,16,693,LITTLE ROCK-PINE BLUFF,1.0,False,12900,Batesville AR,Micro
05065,AR,IZARD,13658,5476,14,693,LITTLE ROCK-PINE BLUFF,1.0,False,,,
05067,AR,JACKSON,14897,5452,9,693,LITTLE ROCK-PINE BLUFF,1.0,False,,,
05069,AR,JEFFERSON,68960,26991,16,693,LITTLE ROCK-PINE BLUFF,1.0,False,38220,Pine Bluff AR,Micro
05071,AR,JOHNSON,24554,9445,8,670,FORT SMITH-FAY-SPRNGDL,1.0,False,,,
05073,AR,LAFAYETTE,5577,2459,4,612,SHREVEPORT,1.0,False,,,
05075,AR,LAWRENCE,18598,7465,14,734,JONESBORO,1.0,False,,,
05077,AR,LEE,8182,2916,6,640,MEMPHIS,1.0,False,,,
05079,AR,LINCOLN,12376,3566,4,693,LITTLE ROCK-PINE BLUFF,1.0,False,,,
05081,AR,LITTLE RIVER,12015,5096,6,612,SHREVEPORT,1.0,False,45500,Texarkana TX-AR,Metro
05083,AR,LOGAN,21887,8736,9,670,FORT SMITH-FAY-SPRNGDL,1.0,False,,,
05085,AR,LONOKE,75191,28349,9,693,LITTLE ROCK-PINE BLUFF,1.0,False,30780,Little Rock-North Little Rock-Conway AR,Metro
05087,AR,MADISON,15719,6127,8,670,FORT SMITH-FAY-SPRNGDL,1.0,False,22220,Fayetteville-Springdale-Rogers AR,Metro
05089,AR,MARION,14762,6566,7,619,"SPRINGFIELD, MO",1.0,False,,,
05091,AR,MILLER,42580,17062,5,612,SHREVEPORT,1.0,False,45500,Texarkana TX-AR,Metro
05093,AR,MISSISSIPPI,40455,15940,19,640,MEMPHIS,1.0,False,14180,Blytheville AR,Micro
05095,AR,MONROE,6761,2996,5,693,LITTLE ROCK-PINE BLUFF,1.0,False,,,
05097,AR,MONTGOMERY,7049,3069,8,693,LITTLE ROCK-PINE BLUFF,1.0,False,,,
05099,AR,NEVADA,8521,3451,6,693,LITTLE ROCK-PINE BLUFF,1.0,False,,,
05101,AR,NEWTON,6671,2927,10,619,"SPRINGFIELD, MO",1.0,False,25460,Harrison AR,Micro
05103,AR,OUACHITA,23718,10364,6,693,LITTLE ROCK-PINE BLUFF,1.0,False,15780,Camden AR,Micro
05105,AR,PERRY,10607,4286,6,693,LITTLE ROCK-PINE BLUFF,1.0,False,30780,Little Rock-North Little Rock-Conway AR,Metro
05107,AR,PHILLIPS,16764,7001,13,640,MEMPHIS,1.0,False,,,
05109,AR,PIKE,9781,4002,7,693,LITTLE ROCK-PINE BLUFF,1.0,False,,,
05111,AR,POINSETT,23407,9407,9,640,MEMPHIS,1.0,False,27860,Jonesboro AR,Metro
05113,AR,POLK,19479,8098,7,693,LITTLE ROCK-PINE BLUFF,1.0,False,,,
05115,AR,POPE,64516,24681,11,693,LITTLE ROCK-PINE BLUFF,0.9955,True,40780,Russellville AR,Micro
05117,AR,PRAIRIE,7305,3073,6,693,LITTLE ROCK-PINE BLUFF,1.0,False,,,
05119,AR,PULASKI,396433,169501,45,693,LITTLE ROCK-PINE BLUFF,1.0,False,30780,Little Rock-North Little Rock-Conway AR,Metro
05121,AR,RANDOLPH,17343,6823,7,734,JONESBORO,1.0,False,,,
05123,AR,SAINT FRANCIS,24278,9030,11,640,MEMPHIS,1.0,False,22620,Forrest City AR,Micro
05125,AR,SALINE,119974,46032,12,693,LITTLE ROCK-PINE BLUFF,1.0,False,30780,Little Rock-North Little Rock-Conway AR,Metro
05127,AR,SCOTT,10582,4232,5,670,FORT SMITH-FAY-SPRNGDL,1.0,False,,,
05129,AR,SEARCY,8253,3614,7,693,LITTLE ROCK-PINE BLUFF,1.0,False,,,
05131,AR,SEBASTIAN,124894,50185,20,670,FORT SMITH-FAY-SPRNGDL,1.0,False,22900,Fort Smith AR-OK,Metro
05133,AR,SEVIER,15898,5762,5,612,SHREVEPORT,1.0,False,,,
05135,AR,SHARP,20342,8622,9,734,JONESBORO,1.0,False,,,
05137,AR,STONE,11375,4924,8,693,LITTLE ROCK-PINE BLUFF,1.0,False,,,
05139,AR,UNION,39323,16290,10,628,MONROE-EL DORADO,1.0,False,20980,El Dorado AR,Micro
05141,AR,VAN BUREN,17031,7494,8,693,LITTLE ROCK-PINE BLUFF,1.0,False,,,
05143,AR,WASHINGTON,259548,96926,23,670,FORT SMITH-FAY-SPRNGDL,1.0,False,22220,Fayetteville-Springdale-Rogers AR,Metro
05145,AR,WHITE,79770,30917,19,693,LITTLE ROCK-PINE BLUFF,1.0,False,42620,Searcy AR,Micro
05147,AR,WOODRUFF,6442,2857,6,693,LITTLE ROCK-PINE BLUFF,1.0,False,,,
05149,AR,YELL,20829,8003,11,693,LITTLE ROCK-PINE BLUFF,1.0,False,40780,Russellville AR,Micro
06001,CA,ALAMEDA,1688324,594041,69,807,SAN FRANCISCO-OAKLAND-SAN JOSE,1.0,False,41860,San Francisco-Oakland-Fremont CA,Metro
06003,CA,ALPINE,1143,476,2,811,RENO,1.0,False,23820,Gardnerville Ranchos NV-CA,Micro
06005,CA,AMADOR,40562,15692,13,862,SACRAMENTO-STOCKTON-MODESTO,1.0,False,,,
06007,CA,BUTTE,211776,83372,24,868,CHICO-REDDING,1.0,False,17020,Chico CA,Metro
06009,CA,CALAVERAS,45204,18778,20,862,SACRAMENTO-STOCKTON-MODESTO,1.0,False,,,
06011,CA,COLUSA,21914,7248,7,862,SACRAMENTO-STOCKTON-MODESTO,1.0,False,,,
06013,CA,CONTRA COSTA,1159827,404613,52,807,SAN FRANCISCO-OAKLAND-SAN JOSE,1.0,False,41860,San Francisco-Oakland-Fremont CA,Metro
06015,CA,DEL NORTE,27732,9804,6,802,EUREKA,1.0,False,18860,Crescent City CA,Micro
06017,CA,EL DORADO,191135,75290,30,862,SACRAMENTO-STOCKTON-MODESTO,1.0,False,40900,Sacramento-Roseville-Folsom CA,Metro
06019,CA,FRESNO,1013451,320906,99,866,FRESNO-VISALIA,1.0,False,23420,Fresno CA,Metro
06021,CA,GLENN,29432,10382,7,868,CHICO-REDDING,1.0,False,,,
06023,CA,HUMBOLDT,136770,56568,38,802,EUREKA,1.0,False,21700,Eureka-Arcata CA,Micro
06025,CA,IMPERIAL,174078,50400,17,771,YUMA-EL CENTRO,1.0,False,20940,El Centro CA,Metro
06027,CA,INYO,20061,8509,12,803,LOS ANGELES,1.0,False,13860,Bishop CA,Micro
06029,CA,KERN,910781,282106,68,800,BAKERSFIELD,0.9999,True,12540,Bakersfield-Delano CA,Metro
06031,CA,KINGS,151307,43721,9,866,FRESNO-VISALIA,1.0,False,25260,Hanford-Corcoran CA,Metro
06033,CA,LAKE,68041,27563,15,807,SAN FRANCISCO-OAKLAND-SAN JOSE,1.0,False,17340,Clearlake CA,Micro
06035,CA,LASSEN,33496,10310,15,811,RENO,0.9025,True,45000,Susanville CA,Micro
06037,CA,LOS ANGELES,10006252,3417205,498,803,LOS ANGELES,1.0,False,31080,Los Angeles-Long Beach-Anaheim CA,Metro
06039,CA,MADERA,155774,45377,13,866,FRESNO-VISALIA,1.0,False,23420,Fresno CA,Metro
06041,CA,MARIN,261560,103888,41,807,SAN FRANCISCO-OAKLAND-SAN JOSE,1.0,False,41860,San Francisco-Oakland-Fremont CA,Metro
06043,CA,MARIPOSA,15714,6821,8,866,FRESNO-VISALIA,1.0,False,,,
06045,CA,MENDOCINO,91403,36222,28,807,SAN FRANCISCO-OAKLAND-SAN JOSE,1.0,False,46380,Ukiah CA,Micro
06047,CA,MERCED,279635,83051,22,866,FRESNO-VISALIA,1.0,False,32900,Merced CA,Metro
06049,CA,MODOC,7744,3341,10,868,CHICO-REDDING,1.0,False,,,
06051,CA,MONO,11938,4945,7,811,RENO,1.0,False,,,
06053,CA,MONTEREY,426210,128395,34,828,MONTEREY-SALINAS,1.0,False,41500,Salinas CA,Metro
06055,CA,NAPA,138474,49946,12,807,SAN FRANCISCO-OAKLAND-SAN JOSE,1.0,False,34900,Napa CA,Metro
06057,CA,NEVADA,100177,41937,16,862,SACRAMENTO-STOCKTON-MODESTO,1.0,False,46020,Truckee-Grass Valley CA,Micro
06059,CA,ORANGE,3199809,1077468,144,803,LOS ANGELES,1.0,False,31080,Los Angeles-Long Beach-Anaheim CA,Metro
06061,CA,PLACER,406988,153066,29,862,SACRAMENTO-STOCKTON-MODESTO,1.0,False,40900,Sacramento-Roseville-Folsom CA,Metro
06063,CA,PLUMAS,18206,8437,16,862,SACRAMENTO-STOCKTON-MODESTO,1.0,False,,,
06065,CA,RIVERSIDE,2421774,764249,99,803,LOS ANGELES,0.8064,True,40140,Riverside-San Bernardino-Ontario CA,Metro
06067,CA,SACRAMENTO,1586982,565087,124,862,SACRAMENTO-STOCKTON-MODESTO,1.0,False,40900,Sacramento-Roseville-Folsom CA,Metro
06069,CA,SAN BENITO,62475,18931,6,828,MONTEREY-SALINAS,1.0,False,41940,San Jose-Sunnyvale-Santa Clara CA,Metro
06071,CA,SAN BERNARDINO,2179342,667481,116,803,LOS ANGELES,1.0,False,40140,Riverside-San Bernardino-Ontario CA,Metro
06073,CA,SAN DIEGO,3292107,1157493,181,825,SAN DIEGO,1.0,False,41740,San Diego-Chula Vista-Carlsbad CA,Metro
06075,CA,SAN FRANCISCO,873933,371851,50,807,SAN FRANCISCO-OAKLAND-SAN JOSE,1.0,False,41860,San Francisco-Oakland-Fremont CA,Metro
06077,CA,SAN JOAQUIN,778472,240865,43,862,SACRAMENTO-STOCKTON-MODESTO,1.0,False,44700,Stockton-Lodi CA,Metro
06079,CA,SAN LUIS OBISPO,283428,108245,36,855,SANTA BARBARA-SAN MAR-SAN LUIS OBISPO,0.9956,True,42020,San Luis Obispo-Paso Robles CA,Metro
06081,CA,SAN MATEO,734500,261759,37,807,SAN FRANCISCO-OAKLAND-SAN JOSE,1.0,False,41860,San Francisco-Oakland-Fremont CA,Metro
06083,CA,SANTA BARBARA,448492,148457,41,855,SANTA BARBARA-SAN MAR-SAN LUIS OBISPO,1.0,False,42200,Santa Maria-Santa Barbara CA,Metro
06085,CA,SANTA CLARA,1971160,665680,109,807,SAN FRANCISCO-OAKLAND-SAN JOSE,0.9951,True,41940,San Jose-Sunnyvale-Santa Clara CA,Metro
06087,CA,SANTA CRUZ,278765,97566,21,828,MONTEREY-SALINAS,1.0,False,42100,Santa Cruz-Watsonville CA,Metro
06089,CA,SHASTA,191242,76279,33,868,CHICO-REDDING,0.9924,True,39820,Redding CA,Metro
06091,CA,SIERRA,2824,1281,7,862,SACRAMENTO-STOCKTON-MODESTO,1.0,False,,,
06093,CA,SISKIYOU,44986,19562,22,813,MEDFORD-KLAMATH FALLS,1.0,False,,,
06095,CA,SOLANO,452078,155435,16,862,SACRAMENTO-STOCKTON-MODESTO,1.0,False,46700,Vallejo CA,Metro
06097,CA,SONOMA,489369,187854,50,807,SAN FRANCISCO-OAKLAND-SAN JOSE,1.0,False,42220,Santa Rosa-Petaluma CA,Metro
06099,CA,STANISLAUS,557047,178270,28,862,SACRAMENTO-STOCKTON-MODESTO,1.0,False,33700,Modesto CA,Metro
06101,CA,SUTTER,99008,32828,10,862,SACRAMENTO-STOCKTON-MODESTO,1.0,False,49700,Yuba City CA,Metro
06103,CA,TEHAMA,56512,21417,13,868,CHICO-REDDING,1.0,False,39780,Red Bluff CA,Micro
06105,CA,TRINITY,15644,6136,12,868,CHICO-REDDING,1.0,False,,,
06107,CA,TULARE,469248,140761,41,866,FRESNO-VISALIA,1.0,False,47300,Visalia CA,Metro
06109,CA,TUOLUMNE,54357,22170,15,862,SACRAMENTO-STOCKTON-MODESTO,1.0,False,43760,Sonora CA,Micro
06111,CA,VENTURA,848341,281613,47,803,LOS ANGELES,1.0,False,37100,Oxnard-Thousand Oaks-Ventura CA,Metro
06113,CA,YOLO,218365,77263,21,862,SACRAMENTO-STOCKTON-MODESTO,1.0,False,40900,Sacramento-Roseville-Folsom CA,Metro
06115,CA,YUBA,80902,26709,12,862,SACRAMENTO-STOCKTON-MODESTO,1.0,False,49700,Yuba City CA,Metro
08001,CO,ADAMS,470498,162858,24,751,DENVER,1.0,False,19740,Denver-Aurora-Centennial CO,Metro
08003,CO,ALAMOSA,16394,6365,4,751,DENVER,1.0,False,10480,Alamosa CO,Micro
08005,CO,ARAPAHOE,681977,258133,30,751,DENVER,1.0,False,19740,Denver-Aurora-Centennial CO,Metro
08007,CO,ARCHULETA,13009,5663,4,751,DENVER,1.0,False,,,
08009,CO,BACA,3523,1577,6,752,COLORADO SPRINGS-PUEBLO,1.0,False,,,
08011,CO,BENT,5451,1702,4,752,COLORADO SPRINGS-PUEBLO,1.0,False,,,
08013,CO,BOULDER,320972,127937,25,751,DENVER,1.0,False,14500,Boulder CO,Metro
08014,CO,BROOMFIELD,78105,30121,3,751,DENVER,1.0,False,19740,Denver-Aurora-Centennial CO,Metro
08015,CO,CHAFFEE,19572,8432,6,751,DENVER,1.0,False,,,
08017,CO,CHEYENNE,1718,736,4,751,DENVER,1.0,False,,,
08019,CO,CLEAR CREEK,5798,2811,5,751,DENVER,1.0,False,19740,Denver-Aurora-Centennial CO,Metro
08021,CO,CONEJOS,7524,2951,7,751,DENVER,1.0,False,10480,Alamosa CO,Micro
08023,CO,COSTILLA,3331,1528,5,751,DENVER,1.0,False,10480,Alamosa CO,Micro
08025,CO,CROWLEY,5858,1291,5,752,COLORADO SPRINGS-PUEBLO,1.0,False,,,
08027,CO,CUSTER,4591,2140,2,752,COLORADO SPRINGS-PUEBLO,1.0,False,,,
08029,CO,DELTA,31990,13385,9,751,DENVER,1.0,False,,,
08031,CO,DENVER,691666,306582,48,751,DENVER,1.0,False,19740,Denver-Aurora-Centennial CO,Metro
08033,CO,DOLORES,2278,899,3,751,DENVER,1.0,False,,,
08035,CO,DOUGLAS,356082,128388,15,751,DENVER,1.0,False,19740,Denver-Aurora-Centennial CO,Metro
08037,CO,EAGLE,53373,20186,13,751,DENVER,1.0,False,20780,Edwards CO,Micro
08039,CO,ELBERT,18040,6482,5,751,DENVER,1.0,False,19740,Denver-Aurora-Centennial CO,Metro
08041,CO,EL PASO,733030,273738,66,752,COLORADO SPRINGS-PUEBLO,1.0,False,17820,Colorado Springs CO,Metro
08043,CO,FREMONT,48811,17835,11,752,COLORADO SPRINGS-PUEBLO,1.0,False,15860,Canon City CO,Micro
08045,CO,GARFIELD,67361,24311,8,751,DENVER,1.0,False,40090,Rifle CO,Micro
08047,CO,GILPIN,5291,2383,3,751,DENVER,1.0,False,19740,Denver-Aurora-Centennial CO,Metro
08049,CO,GRAND,15358,6879,8,751,DENVER,1.0,False,,,
08051,CO,GUNNISON,16467,6892,10,751,DENVER,1.0,False,,,
08053,CO,HINSDALE,728,355,1,751,DENVER,1.0,False,,,
08055,CO,HUERFANO,6593,3103,3,752,COLORADO SPRINGS-PUEBLO,1.0,False,,,
08057,CO,JACKSON,1379,656,4,751,DENVER,1.0,False,,,
08059,CO,JEFFERSON,630481,259267,35,751,DENVER,1.0,False,19740,Denver-Aurora-Centennial CO,Metro
08061,CO,KIOWA,1462,600,4,752,COLORADO SPRINGS-PUEBLO,1.0,False,,,
08063,CO,KIT CARSON,7242,2952,6,751,DENVER,1.0,False,,,
08065,CO,LAKE,7436,3075,3,751,DENVER,1.0,False,14720,Breckenridge CO,Micro
08067,CO,LA PLATA,56234,23722,7,790,ALBUQUERQUE-SANTA FE,1.0,False,20420,Durango CO,Micro
08069,CO,LARIMER,349134,140432,25,751,DENVER,1.0,False,22660,Fort Collins-Loveland CO,Metro
08071,CO,LAS ANIMAS,14514,6368,9,752,COLORADO SPRINGS-PUEBLO,1.0,False,,,
08073,CO,LINCOLN,5564,1903,6,751,DENVER,1.0,False,,,
08075,CO,LOGAN,21497,7906,8,751,DENVER,1.0,False,44540,Sterling CO,Micro
08077,CO,MESA,155769,63160,19,773,GRAND JUNCTION-MONTROSE,1.0,False,24300,Grand Junction CO,Metro
08079,CO,MINERAL,800,386,1,751,DENVER,1.0,False,,,
08081,CO,MOFFAT,13382,5386,7,751,DENVER,1.0,False,44460,Steamboat Springs CO,Micro
08083,CO,MONTEZUMA,26018,10880,8,790,ALBUQUERQUE-SANTA FE,1.0,False,,,
08085,CO,MONTROSE,42674,17570,10,773,GRAND JUNCTION-MONTROSE,1.0,False,33940,Montrose CO,Micro
08087,CO,MORGAN,29517,10645,8,751,DENVER,1.0,False,22820,Fort Morgan CO,Micro
08089,CO,OTERO,19052,7787,6,752,COLORADO SPRINGS-PUEBLO,1.0,False,,,
08091,CO,OURAY,4160,1962,2,751,DENVER,1.0,False,,,
08093,CO,PARK,16126,7281,10,751,DENVER,1.0,False,19740,Denver-Aurora-Centennial CO,Metro
08095,CO,PHILLIPS,4815,1915,4,751,DENVER,1.0,False,,,
08097,CO,PITKIN,14557,6869,6,751,DENVER,1.0,False,40090,Rifle CO,Micro
08099,CO,PROWERS,12227,4827,5,751,DENVER,1.0,False,,,
08101,CO,PUEBLO,168110,67134,17,752,COLORADO SPRINGS-PUEBLO,1.0,False,39380,Pueblo CO,Metro
08103,CO,RIO BLANCO,6449,2571,2,751,DENVER,1.0,False,,,
08105,CO,RIO GRANDE,14615,5971,5,751,DENVER,1.0,False,,,
08107,CO,ROUTT,24657,10310,9,751,DENVER,1.0,False,44460,Steamboat Springs CO,Micro
08109,CO,SAGUACHE,3402,1715,5,751,DENVER,1.0,False,,,
08111,CO,SAN JUAN,652,341,1,751,DENVER,1.0,False,,,
08113,CO,SAN MIGUEL,8152,3621,5,751,DENVER,1.0,False,,,
08115,CO,SEDGWICK,2392,1084,3,751,DENVER,1.0,False,,,
08117,CO,SUMMIT,31393,13063,5,751,DENVER,1.0,False,14720,Breckenridge CO,Micro
08119,CO,TELLER,24930,10719,6,752,COLORADO SPRINGS-PUEBLO,1.0,False,17820,Colorado Springs CO,Metro
08121,CO,WASHINGTON,4370,1786,6,751,DENVER,1.0,False,,,
08123,CO,WELD,355558,124581,39,751,DENVER,1.0,False,24540,Greeley CO,Metro
08125,CO,YUMA,9888,3812,7,751,DENVER,1.0,False,,,
09110,CT,CAPITOL,1099998,435613,129,533,HARTFORD-NEW HAVEN,1.0,False,25540,Hartford-West Hartford-East Hartford CT,Metro
09120,CT,GREATER BRIDGEPORT,375271,137091,22,501,NEW YORK,1.0,False,14860,Bridgeport-Stamford-Danbury CT,Metro
09130,CT,LOWER CT RIVER VLY,206664,85510,27,533,HARTFORD-NEW HAVEN,1.0,False,25540,Hartford-West Hartford-East Hartford CT,Metro
09140,CT,NAUGATUCK VLY,428285,172494,42,533,HARTFORD-NEW HAVEN,1.0,False,47930,Waterbury-Shelton CT,Metro
09150,CT,NORTHEASTERN CT,113950,45674,34,533,HARTFORD-NEW HAVEN,1.0,False,39480,Putnam CT,Micro
09160,CT,NW HILLS,136406,57023,36,533,HARTFORD-NEW HAVEN,1.0,False,45860,Torrington CT,Micro
09170,CT,SOUTH CENTRAL CT,450952,180581,44,533,HARTFORD-NEW HAVEN,1.0,False,35300,New Haven CT,Metro
09180,CT,SOUTHEASTERN CT,211026,86643,31,533,HARTFORD-NEW HAVEN,1.0,False,35980,Norwich-New London-Willimantic CT,Metro
09190,CT,WESTERN CT,583392,217440,56,501,NEW YORK,0.998,True,14860,Bridgeport-Stamford-Danbury CT,Metro
10001,DE,KENT,176378,65376,21,504,PHILADELPHIA,1.0,False,20100,Dover DE,Metro
10003,DE,NEW CASTLE,566560,218633,52,504,PHILADELPHIA,1.0,False,37980,Philadelphia-Camden-Wilmington PA-NJ-DE-MD,Metro
10005,DE,SUSSEX,247332,102516,23,576,SALISBURY,1.0,False,42580,Seaford DE,Micro
11001,DC,DISTRICT OF COLUMBIA,689545,312448,301,511,"WASHINGTON, DC-HAGRSTWN",1.0,False,47900,Washington-Arlington-Alexandria DC-VA-MD-WV,Metro
12001,FL,ALACHUA,291474,118058,31,592,GAINESVILLE,1.0,False,23540,Gainesville FL,Metro
12003,FL,BAKER,27825,8923,3,561,JACKSONVILLE,1.0,False,27260,Jacksonville FL,Metro
12005,FL,BAY,175338,70088,17,656,PANAMA CITY,1.0,False,37460,Panama City-Panama City Beach FL,Metro
12007,FL,BRADFORD,25277,8553,5,561,JACKSONVILLE,1.0,False,,,
12009,FL,BREVARD,607192,257239,46,534,ORLANDO-DAYTONA BEACH-MELBOURNE,1.0,False,37340,Palm Bay-Melbourne-Titusville FL,Metro
12011,FL,BROWARD,1944375,756657,84,528,MIAMI-FORT LAUDERDALE,1.0,False,33100,Miami-Fort Lauderdale-West Palm Beach FL,Metro
12013,FL,CALHOUN,13021,4553,4,656,PANAMA CITY,1.0,False,,,
12015,FL,CHARLOTTE,185441,85196,17,571,FORT MYERS-NAPLES,1.0,False,39460,Punta Gorda FL,Metro
12017,FL,CITRUS,153269,69161,21,539,TAMPA-ST PETERSBURG-SARASOTA,1.0,False,26140,Homosassa Springs FL,Metro
12019,FL,CLAY,223377,80805,13,561,JACKSONVILLE,1.0,False,27260,Jacksonville FL,Metro
12021,FL,COLLIER,374859,157420,26,571,FORT MYERS-NAPLES,1.0,False,34940,Naples-Marco Island FL,Metro
12023,FL,COLUMBIA,69121,26185,6,561,JACKSONVILLE,1.0,False,29380,Lake City FL,Micro
12027,FL,DESOTO,34011,11963,5,571,FORT MYERS-NAPLES,1.0,False,11580,Arcadia FL,Micro
12029,FL,DIXIE,15991,5873,4,592,GAINESVILLE,1.0,False,,,
12031,FL,DUVAL,986762,396441,49,561,JACKSONVILLE,1.0,False,27260,Jacksonville FL,Metro
12033,FL,ESCAMBIA,318964,126746,28,686,MOBILE-PENSACOLA,1.0,False,37860,Pensacola-Ferry Pass-Brent FL,Metro
12035,FL,FLAGLER,112878,47186,7,534,ORLANDO-DAYTONA BEACH-MELBOURNE,1.0,False,19660,Deltona-Daytona Beach-Ormond Beach FL,Metro
12037,FL,FRANKLIN,11922,4651,5,656,PANAMA CITY,1.0,False,,,
12039,FL,GADSDEN,43826,16806,8,530,TALLAHASSEE-THOMASVILLE,1.0,False,45220,Tallahassee FL,Metro
12041,FL,GILCHRIST,17822,6549,2,592,GAINESVILLE,1.0,False,23540,Gainesville FL,Metro
12043,FL,GLADES,6618,2146,2,571,FORT MYERS-NAPLES,1.0,False,17500,Clewiston FL,Micro
12045,FL,GULF,14690,5814,3,656,PANAMA CITY,1.0,False,,,
12047,FL,HAMILTON,15068,5122,3,530,TALLAHASSEE-THOMASVILLE,1.0,False,,,
12049,FL,HARDEE,25558,8126,4,539,TAMPA-ST PETERSBURG-SARASOTA,1.0,False,,,
12051,FL,HENDRY,42919,13831,4,571,FORT MYERS-NAPLES,1.0,False,17500,Clewiston FL,Micro
12053,FL,HERNANDO,188338,77342,14,539,TAMPA-ST PETERSBURG-SARASOTA,1.0,False,45300,Tampa-St. Petersburg-Clearwater FL,Metro
12055,FL,HIGHLANDS,102443,44198,11,539,TAMPA-ST PETERSBURG-SARASOTA,1.0,False,42700,Sebring FL,Metro
12057,FL,HILLSBOROUGH,1492188,572383,93,539,TAMPA-ST PETERSBURG-SARASOTA,1.0,False,45300,Tampa-St. Petersburg-Clearwater FL,Metro
12059,FL,HOLMES,22702,8488,4,656,PANAMA CITY,1.0,False,,,
12061,FL,INDIAN RIVER,159820,71183,16,548,WEST PALM BEACH-FT PIERCE,1.0,False,42680,Sebastian-Vero Beach-West Vero Corridor FL,Metro
12063,FL,JACKSON,49415,17920,13,656,PANAMA CITY,1.0,False,,,
12065,FL,JEFFERSON,14380,5805,5,530,TALLAHASSEE-THOMASVILLE,1.0,False,45220,Tallahassee FL,Metro
12067,FL,LAFAYETTE,6849,2125,2,530,TALLAHASSEE-THOMASVILLE,1.0,False,,,
12069,FL,LAKE,428109,175392,34,534,ORLANDO-DAYTONA BEACH-MELBOURNE,1.0,False,36740,Orlando-Kissimmee-Sanford FL,Metro
12071,FL,LEE,760543,317993,47,571,FORT MYERS-NAPLES,1.0,False,15980,Cape Coral-Fort Myers FL,Metro
12073,FL,LEON,292198,121085,20,530,TALLAHASSEE-THOMASVILLE,1.0,False,45220,Tallahassee FL,Metro
12075,FL,LEVY,38435,16089,10,592,GAINESVILLE,1.0,False,23540,Gainesville FL,Metro
12077,FL,LIBERTY,7976,2491,4,656,PANAMA CITY,1.0,False,,,
12079,FL,MADISON,18895,7247,5,530,TALLAHASSEE-THOMASVILLE,1.0,False,,,
12081,FL,MANATEE,409120,173021,30,539,TAMPA-ST PETERSBURG-SARASOTA,1.0,False,35840,North Port-Bradenton-Sarasota FL,Metro
12083,FL,MARION,362194,149964,38,534,ORLANDO-DAYTONA BEACH-MELBOURNE,1.0,False,36100,Ocala FL,Metro
12085,FL,MARTIN,158121,69304,12,548,WEST PALM BEACH-FT PIERCE,1.0,False,38940,Port St. Lucie FL,Metro
12086,FL,MIAMI-DADE,2701790,967418,125,528,MIAMI-FORT LAUDERDALE,1.0,False,33100,Miami-Fort Lauderdale-West Palm Beach FL,Metro
12087,FL,MONROE,82776,36418,12,528,MIAMI-FORT LAUDERDALE,1.0,False,28580,Key West-Key Largo FL,Micro
12089,FL,NASSAU,90248,35876,7,561,JACKSONVILLE,1.0,False,27260,Jacksonville FL,Metro
12091,FL,OKALOOSA,215101,85311,18,686,MOBILE-PENSACOLA,1.0,False,18880,Crestview-Fort Walton Beach-Destin FL,Metro
12093,FL,OKEECHOBEE,43213,15961,3,548,WEST PALM BEACH-FT PIERCE,1.0,False,36380,Okeechobee FL,Micro
12095,FL,ORANGE,1415963,516979,78,534,ORLANDO-DAYTONA BEACH-MELBOURNE,1.0,False,36740,Orlando-Kissimmee-Sanford FL,Metro
12097,FL,OSCEOLA,375026,125774,15,534,ORLANDO-DAYTONA BEACH-MELBOURNE,1.0,False,36740,Orlando-Kissimmee-Sanford FL,Metro
12099,FL,PALM BEACH,1498408,610809,75,548,WEST PALM BEACH-FT PIERCE,1.0,False,33100,Miami-Fort Lauderdale-West Palm Beach FL,Metro
12101,FL,PASCO,533859,214541,34,539,TAMPA-ST PETERSBURG-SARASOTA,1.0,False,45300,Tampa-St. Petersburg-Clearwater FL,Metro
12103,FL,PINELLAS,959107,442789,72,539,TAMPA-ST PETERSBURG-SARASOTA,1.0,False,45300,Tampa-St. Petersburg-Clearwater FL,Metro
12105,FL,POLK,735971,276669,55,539,TAMPA-ST PETERSBURG-SARASOTA,1.0,False,29460,Lakeland-Winter Haven FL,Metro
12107,FL,PUTNAM,70328,28292,18,561,JACKSONVILLE,1.0,False,37260,Palatka FL,Micro
12109,FL,SAINT JOHNS,277264,106138,13,561,JACKSONVILLE,1.0,False,27260,Jacksonville FL,Metro
12111,FL,SAINT LUCIE,322569,125196,19,548,WEST PALM BEACH-FT PIERCE,1.0,False,38940,Port St. Lucie FL,Metro
12113,FL,SANTA ROSA,190327,70665,10,686,MOBILE-PENSACOLA,1.0,False,37860,Pensacola-Ferry Pass-Brent FL,Metro
12115,FL,SARASOTA,427129,197067,32,539,TAMPA-ST PETERSBURG-SARASOTA,1.0,False,35840,North Port-Bradenton-Sarasota FL,Metro
12117,FL,SEMINOLE,480834,183406,27,534,ORLANDO-DAYTONA BEACH-MELBOURNE,1.0,False,36740,Orlando-Kissimmee-Sanford FL,Metro
12119,FL,SUMTER,134603,65013,10,534,ORLANDO-DAYTONA BEACH-MELBOURNE,1.0,False,48680,Wildwood-The Villages FL,Metro
12121,FL,SUWANNEE,44266,16814,6,530,TALLAHASSEE-THOMASVILLE,1.0,False,,,
12123,FL,TAYLOR,21541,8019,5,530,TALLAHASSEE-THOMASVILLE,1.0,False,,,
12125,FL,UNION,15693,4445,3,561,JACKSONVILLE,1.0,False,,,
12127,FL,VOLUSIA,523780,221050,46,534,ORLANDO-DAYTONA BEACH-MELBOURNE,1.0,False,19660,Deltona-Daytona Beach-Ormond Beach FL,Metro
12129,FL,WAKULLA,34267,12260,5,530,TALLAHASSEE-THOMASVILLE,1.0,False,45220,Tallahassee FL,Metro
12131,FL,WALTON,69187,27472,9,656,PANAMA CITY,1.0,False,18880,Crestview-Fort Walton Beach-Destin FL,Metro
12133,FL,WASHINGTON,23490,8475,5,656,PANAMA CITY,1.0,False,37460,Panama City-Panama City Beach FL,Metro
13001,GA,APPLING,17391,6734,3,507,SAVANNAH,1.0,False,,,
13003,GA,ATKINSON,9484,3468,3,525,"ALBANY, GA",1.0,False,20060,Douglas GA,Micro
13005,GA,BACON,9893,3769,1,507,SAVANNAH,1.0,False,,,
13007,GA,BAKER,2014,815,1,525,"ALBANY, GA",1.0,False,,,
13009,GA,BALDWIN,42494,15980,4,503,MACON,1.0,False,33300,Milledgeville GA,Micro
13011,GA,BANKS,18843,6895,4,524,ATLANTA,1.0,False,,,
13013,GA,BARROW,91974,31047,4,524,ATLANTA,1.0,False,12060,Atlanta-Sandy Springs-Roswell GA,Metro
13015,GA,BARTOW,108689,39861,9,524,ATLANTA,1.0,False,12060,Atlanta-Sandy Springs-Roswell GA,Metro
13017,GA,BEN HILL,18283,7498,1,525,"ALBANY, GA",1.0,False,22340,Fitzgerald GA,Micro
13019,GA,BERRIEN,19679,7621,4,525,"ALBANY, GA",1.0,False,,,
13021,GA,BIBB,176582,70180,20,503,MACON,1.0,False,31420,Macon-Bibb County GA,Metro
13023,GA,BLECKLEY,12915,4696,1,503,MACON,1.0,False,,,
13025,GA,BRANTLEY,16353,6212,4,561,JACKSONVILLE,1.0,False,15260,Brunswick-St. Simons GA,Metro
13027,GA,BROOKS,12634,4918,5,530,TALLAHASSEE-THOMASVILLE,1.0,False,46660,Valdosta GA,Metro
13029,GA,BRYAN,48853,16993,3,507,SAVANNAH,1.0,False,42340,Savannah GA,Metro
13031,GA,BULLOCH,76678,28076,7,507,SAVANNAH,1.0,False,44340,Statesboro GA,Micro
13033,GA,BURKE,21800,8908,5,520,AUGUSTA,1.0,False,12260,Augusta-Richmond County GA-SC,Metro
13035,GA,BUTTS,30385,10250,3,524,ATLANTA,1.0,False,12060,Atlanta-Sandy Springs-Roswell GA,Metro
13037,GA,CALHOUN,6654,2134,4,525,"ALBANY, GA",1.0,False,,,
13039,GA,CAMDEN,54487,20263,6,561,JACKSONVILLE,1.0,False,28680,Kingsland GA,Micro
13043,GA,CANDLER,10205,3831,2,507,SAVANNAH,1.0,False,,,
13045,GA,CARROLL,136531,48895,12,524,ATLANTA,1.0,False,12060,Atlanta-Sandy Springs-Roswell GA,Metro
13047,GA,CATOOSA,51139,19619,3,575,CHATTANOOGA,1.0,False,16860,Chattanooga TN-GA,Metro
13049,GA,CHARLTON,12737,4077,2,561,JACKSONVILLE,1.0,False,,,
13051,GA,CHATHAM,299127,119960,22,507,SAVANNAH,1.0,False,42340,Savannah GA,Metro
13053,GA,CHATTAHOOCHEE,2633,1062,1,522,"COLUMBUS, GA",1.0,False,17980,Columbus GA-AL,Metro
13055,GA,CHATTOOGA,26747,10256,4,524,ATLANTA,1.0,False,44900,Summerville GA,Micro
13057,GA,CHEROKEE,282639,101357,11,524,ATLANTA,1.0,False,12060,Atlanta-Sandy Springs-Roswell GA,Metro
13059,GA,CLARKE,138008,54974,10,524,ATLANTA,1.0,False,12020,Athens-Clarke County GA,Metro
13061,GA,CLAY,2451,1091,2,522,"COLUMBUS, GA",1.0,False,,,
13063,GA,CLAYTON,240009,83938,12,524,ATLANTA,1.0,False,12060,Atlanta-Sandy Springs-Roswell GA,Metro
13065,GA,CLINCH,6892,2635,4,530,TALLAHASSEE-THOMASVILLE,1.0,False,,,
13067,GA,COBB,766424,291950,28,524,ATLANTA,1.0,False,12060,Atlanta-Sandy Springs-Roswell GA,Metro
13069,GA,COFFEE,43075,15326,7,525,"ALBANY, GA",1.0,False,20060,Douglas GA,Micro
13071,GA,COLQUITT,44958,16962,9,525,"ALBANY, GA",1.0,False,34220,Moultrie GA,Micro
13073,GA,COLUMBIA,168511,60908,6,520,AUGUSTA,1.0,False,12260,Augusta-Richmond County GA-SC,Metro
13075,GA,COOK,17631,6494,4,525,"ALBANY, GA",1.0,False,,,
13077,GA,COWETA,145854,53581,11,524,ATLANTA,1.0,False,12060,Atlanta-Sandy Springs-Roswell GA,Metro
13079,GA,CRAWFORD,5317,2097,3,503,MACON,1.0,False,31420,Macon-Bibb County GA,Metro
13081,GA,CRISP,20055,8301,3,525,"ALBANY, GA",1.0,False,18380,Cordele GA,Micro
13083,GA,DADE,15155,6209,3,575,CHATTANOOGA,1.0,False,16860,Chattanooga TN-GA,Metro
13085,GA,DAWSON,30903,11451,1,524,ATLANTA,1.0,False,12060,Atlanta-Sandy Springs-Roswell GA,Metro
13087,GA,DECATUR,28901,11310,7,530,TALLAHASSEE-THOMASVILLE,1.0,False,12460,Bainbridge GA,Micro
13089,GA,DEKALB,771858,299716,43,524,ATLANTA,1.0,False,12060,Atlanta-Sandy Springs-Roswell GA,Metro
13091,GA,DODGE,20252,7633,5,503,MACON,1.0,False,,,
13093,GA,DOOLY,11362,4093,5,503,MACON,1.0,False,,,
13095,GA,DOUGHERTY,92364,37794,10,525,"ALBANY, GA",1.0,False,10500,Albany GA,Metro
13097,GA,DOUGLAS,147540,51617,6,524,ATLANTA,1.0,False,12060,Atlanta-Sandy Springs-Roswell GA,Metro
13099,GA,EARLY,10561,4201,4,606,DOTHAN,1.0,False,,,
13101,GA,ECHOLS,931,342,1,530,TALLAHASSEE-THOMASVILLE,1.0,False,46660,Valdosta GA,Metro
13103,GA,EFFINGHAM,60695,21336,6,507,SAVANNAH,1.0,False,42340,Savannah GA,Metro
13105,GA,ELBERT,20567,8360,3,567,GREENVILLE-SPARTANBURG-ASHEVILLE,1.0,False,,,
13107,GA,EMANUEL,22610,8525,6,520,AUGUSTA,1.0,False,,,
13109,GA,EVANS,11287,4291,4,507,SAVANNAH,1.0,False,44340,Statesboro GA,Micro
13111,GA,FANNIN,25501,11297,5,524,ATLANTA,1.0,False,,,
13113,GA,FAYETTE,121840,43920,6,524,ATLANTA,1.0,False,12060,Atlanta-Sandy Springs-Roswell GA,Metro
13115,GA,FLOYD,94850,35429,11,524,ATLANTA,1.0,False,40660,Rome GA,Metro
13117,GA,FORSYTH,183998,61530,3,524,ATLANTA,1.0,False,12060,Atlanta-Sandy Springs-Roswell GA,Metro
13119,GA,FRANKLIN,26466,10237,5,567,GREENVILLE-SPARTANBURG-ASHEVILLE,1.0,False,,,
13121,GA,FULTON,1192192,498576,82,524,ATLANTA,1.0,False,12060,Atlanta-Sandy Springs-Roswell GA,Metro
13123,GA,GILMER,29427,12140,4,524,ATLANTA,1.0,False,,,
13125,GA,GLASCOCK,3147,1260,2,520,AUGUSTA,1.0,False,,,
13127,GA,GLYNN,84249,34269,8,561,JACKSONVILLE,1.0,False,15260,Brunswick-St. Simons GA,Metro
13129,GA,GORDON,59458,21957,8,524,ATLANTA,1.0,False,15660,Calhoun GA,Micro
13131,GA,GRADY,23472,9178,4,530,TALLAHASSEE-THOMASVILLE,1.0,False,45620,Thomasville GA,Micro
13133,GA,GREENE,18776,7754,4,524,ATLANTA,1.0,False,,,
13135,GA,GWINNETT,882348,291918,27,524,ATLANTA,1.0,False,12060,Atlanta-Sandy Springs-Roswell GA,Metro
13137,GA,HABERSHAM,47658,17057,6,524,ATLANTA,1.0,False,18460,Cornelia GA,Micro
13139,GA,HALL,201861,70616,12,524,ATLANTA,1.0,False,23580,Gainesville GA,Metro
13141,GA,HANCOCK,8920,3385,1,503,MACON,1.0,False,,,
13143,GA,HARALSON,30385,11405,5,524,ATLANTA,1.0,False,12060,Atlanta-Sandy Springs-Roswell GA,Metro
13145,GA,HARRIS,26870,10085,7,522,"COLUMBUS, GA",1.0,False,17980,Columbus GA-AL,Metro
13147,GA,HART,18588,7536,2,567,GREENVILLE-SPARTANBURG-ASHEVILLE,1.0,False,,,
13149,GA,HEARD,9058,3419,1,524,ATLANTA,1.0,False,12060,Atlanta-Sandy Springs-Roswell GA,Metro
13151,GA,HENRY,261769,90520,5,524,ATLANTA,1.0,False,12060,Atlanta-Sandy Springs-Roswell GA,Metro
13153,GA,HOUSTON,156612,59577,11,503,MACON,1.0,False,47580,Warner Robins GA,Metro
13155,GA,IRWIN,7874,2898,3,525,"ALBANY, GA",1.0,False,,,
13157,GA,JACKSON,91556,31515,8,524,ATLANTA,1.0,False,27600,Jefferson GA,Micro
13159,GA,JASPER,11675,4396,3,524,ATLANTA,1.0,False,12060,Atlanta-Sandy Springs-Roswell GA,Metro
13161,GA,JEFF DAVIS,15060,5652,2,507,SAVANNAH,1.0,False,,,
13163,GA,JEFFERSON,16247,6416,7,520,AUGUSTA,1.0,False,,,
13165,GA,JENKINS,8552,3193,2,520,AUGUSTA,1.0,False,,,
13167,GA,JOHNSON,8706,2953,2,503,MACON,1.0,False,20140,Dublin GA,Micro
13169,GA,JONES,16521,6145,2,503,MACON,1.0,False,31420,Macon-Bibb County GA,Metro
13171,GA,LAMAR,17424,6458,2,524,ATLANTA,1.0,False,,,
13173,GA,LANIER,7385,2712,2,530,TALLAHASSEE-THOMASVILLE,1.0,False,46660,Valdosta GA,Metro
13175,GA,LAURENS,48786,19245,9,503,MACON,1.0,False,20140,Dublin GA,Micro
13177,GA,LEE,29474,10660,2,525,"ALBANY, GA",1.0,False,10500,Albany GA,Metro
13179,GA,LIBERTY,67422,24257,9,507,SAVANNAH,1.0,False,25980,Hinesville GA,Metro
13181,GA,LINCOLN,7364,3062,1,520,AUGUSTA,1.0,False,12260,Augusta-Richmond County GA-SC,Metro
13183,GA,LONG,12306,4085,1,507,SAVANNAH,1.0,False,25980,Hinesville GA,Metro
13185,GA,LOWNDES,124523,46534,11,530,TALLAHASSEE-THOMASVILLE,1.0,False,46660,Valdosta GA,Metro
13187,GA,LUMPKIN,28270,9782,2,524,ATLANTA,1.0,False,12060,Atlanta-Sandy Springs-Roswell GA,Metro
13189,GA,MCDUFFIE,21321,8471,3,520,AUGUSTA,1.0,False,12260,Augusta-Richmond County GA-SC,Metro
13191,GA,MCINTOSH,10748,4596,5,507,SAVANNAH,1.0,False,15260,Brunswick-St. Simons GA,Metro
13193,GA,MACON,11434,4043,4,503,MACON,1.0,False,,,
13195,GA,MADISON,30923,11603,6,524,ATLANTA,1.0,False,12020,Athens-Clarke County GA,Metro
13197,GA,MARION,6648,2656,2,522,"COLUMBUS, GA",1.0,False,17980,Columbus GA-AL,Metro
13199,GA,MERIWETHER,18086,7441,6,524,ATLANTA,1.0,False,12060,Atlanta-Sandy Springs-Roswell GA,Metro
13201,GA,MILLER,5894,2497,1,530,TALLAHASSEE-THOMASVILLE,1.0,False,,,
13205,GA,MITCHELL,21380,8003,5,525,"ALBANY, GA",1.0,False,,,
13207,GA,MONROE,22479,8145,5,503,MACON,1.0,False,31420,Macon-Bibb County GA,Metro
13209,GA,MONTGOMERY,8405,3135,5,507,SAVANNAH,1.0,False,47080,Vidalia GA,Micro
13211,GA,MORGAN,19486,7411,4,524,ATLANTA,1.0,False,12060,Atlanta-Sandy Springs-Roswell GA,Metro
13213,GA,MURRAY,37313,13697,5,575,CHATTANOOGA,1.0,False,19140,Dalton GA,Metro
13215,GA,MUSCOGEE,222987,87172,19,522,"COLUMBUS, GA",1.0,False,17980,Columbus GA-AL,Metro
13217,GA,NEWTON,116746,40812,7,524,ATLANTA,1.0,False,12060,Atlanta-Sandy Springs-Roswell GA,Metro
13219,GA,OCONEE,37975,13299,5,524,ATLANTA,1.0,False,12020,Athens-Clarke County GA,Metro
13221,GA,OGLETHORPE,7538,2923,5,524,ATLANTA,1.0,False,12020,Athens-Clarke County GA,Metro
13223,GA,PAULDING,120923,41271,3,524,ATLANTA,1.0,False,12060,Atlanta-Sandy Springs-Roswell GA,Metro
13225,GA,PEACH,38199,14416,2,503,MACON,1.0,False,47580,Warner Robins GA,Metro
13227,GA,PICKENS,33199,13267,4,524,ATLANTA,1.0,False,12060,Atlanta-Sandy Springs-Roswell GA,Metro
13229,GA,PIERCE,20449,7802,5,561,JACKSONVILLE,1.0,False,48180,Waycross GA,Micro
13231,GA,PIKE,19527,6857,5,524,ATLANTA,1.0,False,12060,Atlanta-Sandy Springs-Roswell GA,Metro
13233,GA,POLK,48962,18203,4,524,ATLANTA,1.0,False,16340,Cedartown GA,Micro
13235,GA,PULASKI,10985,4041,1,503,MACON,1.0,False,,,
13237,GA,PUTNAM,20802,8638,2,524,ATLANTA,1.0,False,,,
13239,GA,QUITMAN,2670,1194,2,522,"COLUMBUS, GA",1.0,False,21640,Eufaula AL-GA,Micro
13241,GA,RABUN,16695,7233,8,524,ATLANTA,1.0,False,,,
13243,GA,RANDOLPH,6427,2658,3,522,"COLUMBUS, GA",1.0,False,,,
13245,GA,RICHMOND,198069,78393,14,520,AUGUSTA,1.0,False,12260,Augusta-Richmond County GA-SC,Metro
13247,GA,ROCKDALE,93233,33096,3,524,ATLANTA,1.0,False,12060,Atlanta-Sandy Springs-Roswell GA,Metro
13249,GA,SCHLEY,4337,1673,1,522,"COLUMBUS, GA",1.0,False,11140,Americus GA,Micro
13251,GA,SCREVEN,14222,5686,5,507,SAVANNAH,1.0,False,,,
13253,GA,SEMINOLE,9568,3965,2,530,TALLAHASSEE-THOMASVILLE,1.0,False,,,
13255,GA,SPALDING,64832,24832,5,524,ATLANTA,1.0,False,12060,Atlanta-Sandy Springs-Roswell GA,Metro
13257,GA,STEPHENS,30884,12173,4,567,GREENVILLE-SPARTANBURG-ASHEVILLE,1.0,False,45740,Toccoa GA,Micro
13259,GA,STEWART,5750,1845,4,522,"COLUMBUS, GA",1.0,False,17980,Columbus GA-AL,Metro
13261,GA,SUMTER,29803,11701,7,522,"COLUMBUS, GA",1.0,False,11140,Americus GA,Micro
13263,GA,TALBOT,6066,2592,5,522,"COLUMBUS, GA",1.0,False,17980,Columbus GA-AL,Metro
13265,GA,TALIAFERRO,1571,694,2,520,AUGUSTA,1.0,False,,,
13267,GA,TATTNALL,24968,8553,6,507,SAVANNAH,1.0,False,,,
13269,GA,TAYLOR,7388,3076,4,503,MACON,1.0,False,,,
13271,GA,TELFAIR,12332,3837,5,503,MACON,1.0,False,,,
13273,GA,TERRELL,9158,3632,4,525,"ALBANY, GA",1.0,False,10500,Albany GA,Metro
13275,GA,THOMAS,50353,20200,9,530,TALLAHASSEE-THOMASVILLE,1.0,False,45620,Thomasville GA,Micro
13277,GA,TIFT,43373,16738,6,525,"ALBANY, GA",1.0,False,45700,Tifton GA,Micro
13279,GA,TOOMBS,28519,10999,3,507,SAVANNAH,1.0,False,47080,Vidalia GA,Micro
13281,GA,TOWNS,13245,5777,2,524,ATLANTA,1.0,False,,,
13283,GA,TREUTLEN,5899,2243,1,503,MACON,1.0,False,,,
13285,GA,TROUP,71686,27235,5,524,ATLANTA,1.0,False,29300,LaGrange GA-AL,Micro
13287,GA,TURNER,9642,3786,3,525,"ALBANY, GA",1.0,False,45700,Tifton GA,Micro
13289,GA,TWIGGS,6370,2716,3,503,MACON,1.0,False,31420,Macon-Bibb County GA,Metro
13291,GA,UNION,23806,10248,3,524,ATLANTA,1.0,False,,,
13293,GA,UPSON,26132,10522,3,524,ATLANTA,1.0,False,45580,Thomaston GA,Micro
13295,GA,WALKER,80048,30926,6,575,CHATTANOOGA,1.0,False,16860,Chattanooga TN-GA,Metro
13297,GA,WALTON,131985,44808,6,524,ATLANTA,1.0,False,12060,Atlanta-Sandy Springs-Roswell GA,Metro
13299,GA,WARE,38379,14505,6,561,JACKSONVILLE,1.0,False,48180,Waycross GA,Micro
13301,GA,WARREN,4904,2028,5,520,AUGUSTA,1.0,False,,,
13303,GA,WASHINGTON,19680,7364,6,503,MACON,1.0,False,,,
13305,GA,WAYNE,29680,10964,6,507,SAVANNAH,1.0,False,27700,Jesup GA,Micro
13307,GA,WEBSTER,1660,717,2,522,"COLUMBUS, GA",1.0,False,,,
13309,GA,WHEELER,7323,1974,2,503,MACON,1.0,False,,,
13311,GA,WHITE,28024,10978,3,524,ATLANTA,1.0,False,,,
13313,GA,WHITFIELD,106302,37477,8,575,CHATTANOOGA,1.0,False,19140,Dalton GA,Metro
13315,GA,WILCOX,9259,3005,4,503,MACON,1.0,False,,,
13317,GA,WILKES,9990,4336,3,520,AUGUSTA,1.0,False,,,
13319,GA,WILKINSON,9945,4015,5,503,MACON,1.0,False,,,
13321,GA,WORTH,16801,6504,5,525,"ALBANY, GA",1.0,False,10500,Albany GA,Metro
15001,HI,HAWAII,200597,73019,32,744,HONOLULU,1.0,False,25900,Hilo-Kailua HI,Micro
15003,HI,HONOLULU,1016508,336412,69,744,HONOLULU,1.0,False,46520,Urban Honolulu HI,Metro
15005,HI,KALAWAO,82,59,1,744,HONOLULU,1.0,False,27980,Kahului-Wailuku HI,Metro
15007,HI,KAUAI,73177,24687,17,744,HONOLULU,1.0,False,28180,Kapaa HI,Micro
15009,HI,MAUI,164754,56063,18,744,HONOLULU,1.0,False,27980,Kahului-Wailuku HI,Metro
16001,ID,ADA,498561,188933,34,757,BOISE,1.0,False,14260,Boise City ID,Metro
16003,ID,ADAMS,4334,1930,4,757,BOISE,1.0,False,,,
16005,ID,BANNOCK,89279,33217,12,758,IDAHO FALLS-POCATELLO,1.0,False,38540,Pocatello ID,Metro
16007,ID,BEAR LAKE,6198,2368,9,770,SALT LAKE CITY,1.0,False,,,
16009,ID,BENEWAH,10105,4101,6,881,SPOKANE,1.0,False,,,
16011,ID,BINGHAM,46592,15427,10,758,IDAHO FALLS-POCATELLO,1.0,False,13940,Blackfoot ID,Micro
16013,ID,BLAINE,24157,10151,7,760,TWIN FALLS,1.0,False,25200,Hailey ID,Micro
16015,ID,BOISE,5499,2458,6,757,BOISE,1.0,False,14260,Boise City ID,Metro
16017,ID,BONNER,44304,18542,16,881,SPOKANE,1.0,False,41760,Sandpoint ID,Micro
16019,ID,BONNEVILLE,123730,42582,11,758,IDAHO FALLS-POCATELLO,1.0,False,26820,Idaho Falls ID,Metro
16021,ID,BOUNDARY,11992,4754,5,881,SPOKANE,1.0,False,,,
16023,ID,BUTTE,2782,1132,3,758,IDAHO FALLS-POCATELLO,1.0,False,26820,Idaho Falls ID,Metro
16025,ID,CAMAS,1033,454,3,757,BOISE,1.0,False,25200,Hailey ID,Micro
16027,ID,CANYON,232953,78474,15,757,BOISE,1.0,False,14260,Boise City ID,Metro
16029,ID,CARIBOU,7107,2673,4,758,IDAHO FALLS-POCATELLO,1.0,False,,,
16031,ID,CASSIA,24311,8136,6,760,TWIN FALLS,1.0,False,15420,Burley ID,Micro
16033,ID,CLARK,725,296,2,758,IDAHO FALLS-POCATELLO,1.0,False,,,
16035,ID,CLEARWATER,9223,3866,6,881,SPOKANE,1.0,False,,,
16037,ID,CUSTER,4050,1871,5,758,IDAHO FALLS-POCATELLO,1.0,False,,,
16039,ID,ELMORE,28328,10521,5,757,BOISE,1.0,False,34300,Mountain Home ID,Micro
16041,ID,FRANKLIN,14187,4599,6,770,SALT LAKE CITY,1.0,False,30860,Logan UT-ID,Metro
16043,ID,FREMONT,12907,4559,8,758,IDAHO FALLS-POCATELLO,1.0,False,39940,Rexburg ID,Micro
16045,ID,GEM,18428,6978,4,757,BOISE,1.0,False,14260,Boise City ID,Metro
16047,ID,GOODING,15383,5594,4,760,TWIN FALLS,1.0,False,,,
16049,ID,IDAHO,13643,5796,13,881,SPOKANE,1.0,False,,,
16051,ID,JEFFERSON,31265,9721,8,758,IDAHO FALLS-POCATELLO,1.0,False,26820,Idaho Falls ID,Metro
16053,ID,JEROME,24367,8129,3,760,TWIN FALLS,1.0,False,46300,Twin Falls ID,Metro
16055,ID,KOOTENAI,173890,68223,14,881,SPOKANE,1.0,False,17660,Coeur d'Alene ID,Metro
16057,ID,LATAH,40422,16455,12,881,SPOKANE,1.0,False,34140,Moscow ID,Micro
16059,ID,LEMHI,7994,3662,10,758,IDAHO FALLS-POCATELLO,1.0,False,,,
16061,ID,LEWIS,6301,2663,5,881,SPOKANE,1.0,False,,,
16063,ID,LINCOLN,5133,1855,3,760,TWIN FALLS,1.0,False,25200,Hailey ID,Micro
16065,ID,MADISON,53210,12750,4,758,IDAHO FALLS-POCATELLO,1.0,False,39940,Rexburg ID,Micro
16067,ID,MINIDOKA,21977,7750,4,760,TWIN FALLS,1.0,False,15420,Burley ID,Micro
16069,ID,NEZ PERCE,40551,16555,4,881,SPOKANE,1.0,False,30300,Lewiston ID-WA,Metro
16071,ID,ONEIDA,4520,1676,2,770,SALT LAKE CITY,1.0,False,14940,Brigham City UT-ID,Micro
16073,ID,OWYHEE,10501,3691,5,757,BOISE,1.0,False,14260,Boise City ID,Metro
16075,ID,PAYETTE,24018,8770,3,757,BOISE,1.0,False,36620,Ontario OR-ID,Micro
16077,ID,POWER,7137,2418,3,758,IDAHO FALLS-POCATELLO,1.0,False,,,
16079,ID,SHOSHONE,12998,5775,12,881,SPOKANE,1.0,False,,,
16081,ID,TETON,11579,4344,4,758,IDAHO FALLS-POCATELLO,1.0,False,27220,Jackson WY-ID,Micro
16083,ID,TWIN FALLS,90302,32829,9,760,TWIN FALLS,1.0,False,46300,Twin Falls ID,Metro
16085,ID,VALLEY,11873,5199,5,757,BOISE,1.0,False,,,
16087,ID,WASHINGTON,10492,4084,3,757,BOISE,1.0,False,,,
17001,IL,ADAMS,65552,27245,17,717,QUINCY-HANNIBAL-KEOKUK,1.0,False,39500,Quincy IL-MO,Micro
17003,IL,ALEXANDER,5222,2357,7,632,PADUCAH-CAPE GIRARDEAU-HARRISBURG,1.0,False,16020,Cape Girardeau MO-IL,Metro
17005,IL,BOND,17199,6317,6,609,SAINT LOUIS,1.0,False,41180,St. Louis MO-IL,Metro
17007,IL,BOONE,51187,18286,5,610,ROCKFORD,1.0,False,40420,Rockford IL,Metro
17009,IL,BROWN,6227,1948,3,717,QUINCY-HANNIBAL-KEOKUK,1.0,False,,,
17011,IL,BUREAU,32775,14019,24,682,DAVENPORT-ROCK ISLAND-MOLINE,1.0,False,36837,Ottawa IL,Micro
17013,IL,CALHOUN,4264,1759,8,609,SAINT LOUIS,1.0,False,41180,St. Louis MO-IL,Metro
17015,IL,CARROLL,16092,6669,7,682,DAVENPORT-ROCK ISLAND-MOLINE,1.0,False,,,
17017,IL,CASS,13631,5357,6,648,CHAMPAIGN-SPRINGFIELD-DECATUR,1.0,False,,,
17019,IL,CHAMPAIGN,206079,84520,33,648,CHAMPAIGN-SPRINGFIELD-DECATUR,1.0,False,16580,Champaign-Urbana IL,Metro
17021,IL,CHRISTIAN,36463,14792,14,648,CHAMPAIGN-SPRINGFIELD-DECATUR,1.0,False,45380,Taylorville IL,Micro
17023,IL,CLARK,16060,6772,6,581,TERRE HAUTE,1.0,False,,,
17025,IL,CLAY,13137,5432,6,609,SAINT LOUIS,1.0,False,,,
17027,IL,CLINTON,33147,13102,13,609,SAINT LOUIS,1.0,False,41180,St. Louis MO-IL,Metro
17029,IL,COLES,46864,19901,7,648,CHAMPAIGN-SPRINGFIELD-DECATUR,1.0,False,16660,Charleston-Mattoon IL,Micro
17031,IL,COOK,5224744,2068008,215,602,CHICAGO,1.0,False,16980,Chicago-Naperville-Elgin IL-IN,Metro
17033,IL,CRAWFORD,19140,7674,8,581,TERRE HAUTE,1.0,False,,,
17035,IL,CUMBERLAND,9084,3788,4,648,CHAMPAIGN-SPRINGFIELD-DECATUR,1.0,False,20820,Effingham IL,Micro
17037,IL,DEKALB,105675,40613,14,602,CHICAGO,1.0,False,16980,Chicago-Naperville-Elgin IL-IN,Metro
17039,IL,DEWITT,15404,6563,8,648,CHAMPAIGN-SPRINGFIELD-DECATUR,1.0,False,,,
17041,IL,DOUGLAS,22576,8727,9,648,CHAMPAIGN-SPRINGFIELD-DECATUR,1.0,False,,,
17043,IL,DUPAGE,964399,359932,54,602,CHICAGO,1.0,False,16980,Chicago-Naperville-Elgin IL-IN,Metro
17045,IL,EDGAR,16549,7101,8,648,CHAMPAIGN-SPRINGFIELD-DECATUR,1.0,False,,,
17047,IL,EDWARDS,5916,2485,5,649,EVANSVILLE,1.0,False,,,
17049,IL,EFFINGHAM,37340,15159,10,648,CHAMPAIGN-SPRINGFIELD-DECATUR,1.0,False,20820,Effingham IL,Micro
17051,IL,FAYETTE,20048,7321,8,609,SAINT LOUIS,1.0,False,,,
17053,IL,FORD,13501,5595,9,648,CHAMPAIGN-SPRINGFIELD-DECATUR,1.0,False,16580,Champaign-Urbana IL,Metro
17055,IL,FRANKLIN,38755,16592,16,632,PADUCAH-CAPE GIRARDEAU-HARRISBURG,1.0,False,,,
17057,IL,FULTON,34323,14303,20,675,PEORIA-BLOOMINGTON,1.0,False,15900,Canton IL,Micro
17059,IL,GALLATIN,5157,2214,6,632,PADUCAH-CAPE GIRARDEAU-HARRISBURG,1.0,False,,,
17061,IL,GREENE,12296,5157,10,609,SAINT LOUIS,1.0,False,,,
17063,IL,GRUNDY,53234,20220,9,602,CHICAGO,1.0,False,16980,Chicago-Naperville-Elgin IL-IN,Metro
17065,IL,HAMILTON,7790,3283,5,632,PADUCAH-CAPE GIRARDEAU-HARRISBURG,1.0,False,,,
17067,IL,HANCOCK,17144,7353,15,717,QUINCY-HANNIBAL-KEOKUK,1.0,False,,,
17069,IL,HARDIN,3161,1482,3,632,PADUCAH-CAPE GIRARDEAU-HARRISBURG,1.0,False,,,
17071,IL,HENDERSON,5811,2591,8,682,DAVENPORT-ROCK ISLAND-MOLINE,1.0,False,15460,Burlington IA-IL,Micro
17073,IL,HENRY,48143,19868,16,682,DAVENPORT-ROCK ISLAND-MOLINE,1.0,False,19340,Davenport-Moline-Rock Island IA-IL,Metro
17075,IL,IROQUOIS,27968,11540,24,648,CHAMPAIGN-SPRINGFIELD-DECATUR,1.0,False,,,
17077,IL,JACKSON,55839,24467,15,632,PADUCAH-CAPE GIRARDEAU-HARRISBURG,1.0,False,16060,Carbondale IL,Micro
17079,IL,JASPER,8566,3528,7,581,TERRE HAUTE,1.0,False,,,
17081,IL,JEFFERSON,36657,14730,12,632,PADUCAH-CAPE GIRARDEAU-HARRISBURG,1.0,False,34500,Mount Vernon IL,Micro
17083,IL,JERSEY,18574,7530,7,609,SAINT LOUIS,1.0,False,41180,St. Louis MO-IL,Metro
17085,IL,JO DAVIESS,21816,9736,9,682,DAVENPORT-ROCK ISLAND-MOLINE,1.0,False,,,
17087,IL,JOHNSON,13988,4828,9,632,PADUCAH-CAPE GIRARDEAU-HARRISBURG,1.0,False,,,
17089,IL,KANE,507221,174961,27,602,CHICAGO,1.0,False,16980,Chicago-Naperville-Elgin IL-IN,Metro
17091,IL,KANKAKEE,106524,41114,16,602,CHICAGO,1.0,False,28100,Kankakee IL,Metro
17093,IL,KENDALL,115203,38870,8,602,CHICAGO,1.0,False,16980,Chicago-Naperville-Elgin IL-IN,Metro
17095,IL,KNOX,50067,20906,17,682,DAVENPORT-ROCK ISLAND-MOLINE,1.0,False,23660,Galesburg IL,Micro
17097,IL,LAKE,748556,266346,33,602,CHICAGO,1.0,False,16980,Chicago-Naperville-Elgin IL-IN,Metro
17099,IL,LA SALLE,105796,43804,24,602,CHICAGO,1.0,False,36837,Ottawa IL,Micro
17101,IL,LAWRENCE,15169,5510,4,581,TERRE HAUTE,1.0,False,,,
17103,IL,LEE,34825,13945,14,610,ROCKFORD,1.0,False,19940,Dixon IL,Micro
17105,IL,LIVINGSTON,33144,13245,17,675,PEORIA-BLOOMINGTON,1.0,False,38700,Pontiac IL,Micro
17107,IL,LOGAN,27686,10636,14,648,CHAMPAIGN-SPRINGFIELD-DECATUR,1.0,False,30660,Lincoln IL,Micro
17109,IL,MCDONOUGH,26850,11350,11,717,QUINCY-HANNIBAL-KEOKUK,1.0,False,31380,Macomb IL,Micro
17111,IL,MCHENRY,325970,121591,19,602,CHICAGO,1.0,False,16980,Chicago-Naperville-Elgin IL-IN,Metro
17113,IL,MCLEAN,172197,69591,32,675,PEORIA-BLOOMINGTON,1.0,False,14010,Bloomington IL,Metro
17115,IL,MACON,103593,44387,18,648,CHAMPAIGN-SPRINGFIELD-DECATUR,1.0,False,19500,Decatur IL,Metro
17117,IL,MACOUPIN,47228,19702,20,609,SAINT LOUIS,1.0,False,41180,St. Louis MO-IL,Metro
17119,IL,MADISON,269561,110009,28,609,SAINT LOUIS,1.0,False,41180,St. Louis MO-IL,Metro
17121,IL,MARION,43601,17641,11,609,SAINT LOUIS,1.0,False,16460,Centralia IL,Micro
17123,IL,MARSHALL,12813,5421,9,675,PEORIA-BLOOMINGTON,1.0,False,37900,Peoria IL,Metro
17125,IL,MASON,14998,6491,9,675,PEORIA-BLOOMINGTON,1.0,False,,,
17127,IL,MASSAC,13865,5806,4,632,PADUCAH-CAPE GIRARDEAU-HARRISBURG,1.0,False,37140,Paducah KY-IL,Metro
17129,IL,MENARD,12371,5143,6,648,CHAMPAIGN-SPRINGFIELD-DECATUR,1.0,False,44100,Springfield IL,Metro
17131,IL,MERCER,16048,6751,12,682,DAVENPORT-ROCK ISLAND-MOLINE,1.0,False,19340,Davenport-Moline-Rock Island IA-IL,Metro
17133,IL,MONROE,34719,13654,7,609,SAINT LOUIS,1.0,False,41180,St. Louis MO-IL,Metro
17135,IL,MONTGOMERY,28904,11443,17,609,SAINT LOUIS,1.0,False,,,
17137,IL,MORGAN,32780,13464,11,648,CHAMPAIGN-SPRINGFIELD-DECATUR,1.0,False,27300,Jacksonville IL,Micro
17139,IL,MOULTRIE,13386,5322,5,648,CHAMPAIGN-SPRINGFIELD-DECATUR,1.0,False,,,
17141,IL,OGLE,50108,20144,16,610,ROCKFORD,1.0,False,40300,Rochelle IL,Micro
17143,IL,PEORIA,182088,75913,45,675,PEORIA-BLOOMINGTON,1.0,False,37900,Peoria IL,Metro
17145,IL,PERRY,19790,7556,5,632,PADUCAH-CAPE GIRARDEAU-HARRISBURG,1.0,False,,,
17147,IL,PIATT,15883,6488,10,648,CHAMPAIGN-SPRINGFIELD-DECATUR,1.0,False,16580,Champaign-Urbana IL,Metro
17149,IL,PIKE,15186,6323,15,717,QUINCY-HANNIBAL-KEOKUK,1.0,False,,,
17151,IL,POPE,3241,1459,3,632,PADUCAH-CAPE GIRARDEAU-HARRISBURG,1.0,False,,,
17153,IL,PULASKI,5543,2372,9,632,PADUCAH-CAPE GIRARDEAU-HARRISBURG,1.0,False,,,
17155,IL,PUTNAM,5748,2484,7,675,PEORIA-BLOOMINGTON,1.0,False,36837,Ottawa IL,Micro
17157,IL,RANDOLPH,32942,12768,15,609,SAINT LOUIS,1.0,False,,,
17159,IL,RICHLAND,15941,6663,6,581,TERRE HAUTE,1.0,False,,,
17161,IL,ROCK ISLAND,145862,61242,21,682,DAVENPORT-ROCK ISLAND-MOLINE,1.0,False,19340,Davenport-Moline-Rock Island IA-IL,Metro
17163,IL,SAINT CLAIR,251852,101065,30,609,SAINT LOUIS,1.0,False,41180,St. Louis MO-IL,Metro
17165,IL,SALINE,24487,10313,7,632,PADUCAH-CAPE GIRARDEAU-HARRISBURG,1.0,False,,,
17167,IL,SANGAMON,196498,84441,54,648,CHAMPAIGN-SPRINGFIELD-DECATUR,1.0,False,44100,Springfield IL,Metro
17169,IL,SCHUYLER,7752,3138,7,717,QUINCY-HANNIBAL-KEOKUK,1.0,False,,,
17171,IL,SCOTT,4611,1941,4,717,QUINCY-HANNIBAL-KEOKUK,1.0,False,27300,Jacksonville IL,Micro
17173,IL,SHELBY,17968,7550,12,648,CHAMPAIGN-SPRINGFIELD-DECATUR,1.0,False,,,
17175,IL,STARK,5719,2345,6,675,PEORIA-BLOOMINGTON,1.0,False,37900,Peoria IL,Metro
17177,IL,STEPHENSON,45798,19725,14,610,ROCKFORD,1.0,False,23300,Freeport IL,Micro
17179,IL,TAZEWELL,133208,54702,18,675,PEORIA-BLOOMINGTON,1.0,False,37900,Peoria IL,Metro
17181,IL,UNION,16677,6771,7,632,PADUCAH-CAPE GIRARDEAU-HARRISBURG,1.0,False,,,
17183,IL,VERMILION,74425,30653,24,648,CHAMPAIGN-SPRINGFIELD-DECATUR,1.0,False,19180,Danville IL,Micro
17185,IL,WABASH,11035,4551,4,649,EVANSVILLE,1.0,False,,,
17187,IL,WARREN,15362,6071,8,682,DAVENPORT-ROCK ISLAND-MOLINE,1.0,False,,,
17189,IL,WASHINGTON,13082,5388,10,609,SAINT LOUIS,1.0,False,,,
17191,IL,WAYNE,15009,6330,11,649,EVANSVILLE,1.0,False,,,
17193,IL,WHITE,14891,6320,10,649,EVANSVILLE,1.0,False,,,
17195,IL,WHITESIDE,57046,24013,12,682,DAVENPORT-ROCK ISLAND-MOLINE,1.0,False,44580,Sterling IL,Micro
17197,IL,WILL,691954,237177,31,602,CHICAGO,1.0,False,16980,Chicago-Naperville-Elgin IL-IN,Metro
17199,IL,WILLIAMSON,63105,26481,11,632,PADUCAH-CAPE GIRARDEAU-HARRISBURG,1.0,False,32060,Marion-Herrin IL,Micro
17201,IL,WINNEBAGO,286196,115658,28,610,ROCKFORD,1.0,False,40420,Rockford IL,Metro
17203,IL,WOODFORD,32898,12362,10,675,PEORIA-BLOOMINGTON,1.0,False,37900,Peoria IL,Metro
18001,IN,ADAMS,35228,12239,7,509,FORT WAYNE,1.0,False,19540,Decatur IN,Micro
18003,IN,ALLEN,381979,150504,55,509,FORT WAYNE,1.0,False,23060,Fort Wayne IN,Metro
18005,IN,BARTHOLOMEW,81847,32475,10,527,INDIANAPOLIS,1.0,False,18020,Columbus IN,Metro
18007,IN,BENTON,9608,3763,7,582,"LAFAYETTE, IN",1.0,False,29200,Lafayette-West Lafayette IN,Metro
18009,IN,BLACKFORD,12251,5184,2,527,INDIANAPOLIS,1.0,False,,,
18011,IN,BOONE,71037,26545,6,527,INDIANAPOLIS,1.0,False,26900,Indianapolis-Carmel-Greenwood IN,Metro
18013,IN,BROWN,7823,3417,2,527,INDIANAPOLIS,1.0,False,26900,Indianapolis-Carmel-Greenwood IN,Metro
18015,IN,CARROLL,16370,6449,9,527,INDIANAPOLIS,1.0,False,29200,Lafayette-West Lafayette IN,Metro
18017,IN,CASS,37828,14877,10,527,INDIANAPOLIS,1.0,False,30900,Logansport IN,Micro
18019,IN,CLARK,123274,49546,19,529,LOUISVILLE,1.0,False,31140,Louisville/Jefferson County KY-IN,Metro
18021,IN,CLAY,27011,10787,10,581,TERRE HAUTE,1.0,False,45460,Terre Haute IN,Metro
18023,IN,CLINTON,34325,12841,8,527,INDIANAPOLIS,1.0,False,23140,Frankfort IN,Micro
18025,IN,CRAWFORD,11095,4532,8,529,LOUISVILLE,1.0,False,,,
18027,IN,DAVIESS,30426,10882,6,581,TERRE HAUTE,1.0,False,47780,Washington IN,Micro
18029,IN,DEARBORN,51377,19918,6,515,CINCINNATI,1.0,False,17140,Cincinnati OH-KY-IN,Metro
18031,IN,DECATUR,27557,10895,5,527,INDIANAPOLIS,1.0,False,24700,Greensburg IN,Micro
18033,IN,DEKALB,41810,16260,7,509,FORT WAYNE,1.0,False,12140,Auburn IN,Micro
18035,IN,DELAWARE,111026,45091,14,527,INDIANAPOLIS,1.0,False,34620,Muncie IN,Metro
18037,IN,DUBOIS,44386,17757,12,649,EVANSVILLE,1.0,False,27540,Jasper IN,Micro
18039,IN,ELKHART,206676,74163,13,588,SOUTH BEND-ELKHART,1.0,False,21140,Elkhart-Goshen IN,Metro
18041,IN,FAYETTE,23576,9779,3,527,INDIANAPOLIS,1.0,False,18220,Connersville IN,Micro
18043,IN,FLOYD,77734,31241,6,529,LOUISVILLE,1.0,False,31140,Louisville/Jefferson County KY-IN,Metro
18045,IN,FOUNTAIN,19137,7966,8,527,INDIANAPOLIS,1.0,False,,,
18047,IN,FRANKLIN,16698,6513,7,515,CINCINNATI,1.0,False,17140,Cincinnati OH-KY-IN,Metro
18049,IN,FULTON,19821,7902,8,588,SOUTH BEND-ELKHART,1.0,False,,,
18051,IN,GIBSON,33333,13392,11,649,EVANSVILLE,1.0,False,,,
18053,IN,GRANT,66039,26217,11,527,INDIANAPOLIS,1.0,False,31980,Marion IN,Micro
18055,IN,GREENE,30573,12657,11,581,TERRE HAUTE,1.0,False,,,
18057,IN,HAMILTON,333784,124293,16,527,INDIANAPOLIS,1.0,False,26900,Indianapolis-Carmel-Greenwood IN,Metro
18059,IN,HANCOCK,89358,33249,8,527,INDIANAPOLIS,1.0,False,26900,Indianapolis-Carmel-Greenwood IN,Metro
18061,IN,HARRISON,40796,15954,13,529,LOUISVILLE,1.0,False,31140,Louisville/Jefferson County KY-IN,Metro
18063,IN,HENDRICKS,153203,56596,10,527,INDIANAPOLIS,1.0,False,26900,Indianapolis-Carmel-Greenwood IN,Metro
18065,IN,HENRY,49772,19326,15,527,INDIANAPOLIS,1.0,False,35220,New Castle IN,Micro
18067,IN,HOWARD,85028,36226,9,527,INDIANAPOLIS,1.0,False,29020,Kokomo IN,Metro
18069,IN,HUNTINGTON,39946,15871,5,509,FORT WAYNE,1.0,False,26540,Huntington IN,Micro
18071,IN,JACKSON,48316,18557,9,529,LOUISVILLE,1.0,False,42980,Seymour IN,Micro
18073,IN,JASPER,35945,13847,6,602,CHICAGO,1.0,False,16980,Chicago-Naperville-Elgin IL-IN,Metro
18075,IN,JAY,21289,8234,6,509,FORT WAYNE,1.0,False,,,
18077,IN,JEFFERSON,32387,12681,5,529,LOUISVILLE,1.0,False,31500,Madison IN,Micro
18079,IN,JENNINGS,25967,9946,7,529,LOUISVILLE,1.0,False,,,
18081,IN,JOHNSON,167245,62556,9,527,INDIANAPOLIS,1.0,False,26900,Indianapolis-Carmel-Greenwood IN,Metro
18083,IN,KNOX,36502,14866,12,581,TERRE HAUTE,1.0,False,47180,Vincennes IN,Micro
18085,IN,KOSCIUSKO,78165,30528,15,588,SOUTH BEND-ELKHART,1.0,False,47700,Warsaw IN,Micro
18087,IN,LAGRANGE,38618,12227,8,588,SOUTH BEND-ELKHART,1.0,False,,,
18089,IN,LAKE,502022,196267,32,602,CHICAGO,1.0,False,16980,Chicago-Naperville-Elgin IL-IN,Metro
18091,IN,LA PORTE,111069,43197,13,602,CHICAGO,1.0,False,33140,Michigan City-La Porte IN,Metro
18093,IN,LAWRENCE,46507,19153,9,527,INDIANAPOLIS,1.0,False,13260,Bedford IN,Micro
18095,IN,MADISON,129547,52644,17,527,INDIANAPOLIS,1.0,False,26900,Indianapolis-Carmel-Greenwood IN,Metro
18097,IN,MARION,991088,403018,57,527,INDIANAPOLIS,1.0,False,26900,Indianapolis-Carmel-Greenwood IN,Metro
18099,IN,MARSHALL,45968,17508,9,588,SOUTH BEND-ELKHART,1.0,False,38500,Plymouth IN,Micro
18101,IN,MARTIN,12409,4779,3,581,TERRE HAUTE,1.0,False,,,
18103,IN,MIAMI,36147,13514,10,527,INDIANAPOLIS,1.0,False,37940,Peru IN,Micro
18105,IN,MONROE,138152,57653,15,527,INDIANAPOLIS,1.0,False,14020,Bloomington IN,Metro
18107,IN,MONTGOMERY,38521,15393,11,527,INDIANAPOLIS,1.0,False,18820,Crawfordsville IN,Micro
18109,IN,MORGAN,85549,32678,8,527,INDIANAPOLIS,1.0,False,26900,Indianapolis-Carmel-Greenwood IN,Metro
18111,IN,NEWTON,10674,4330,9,602,CHICAGO,1.0,False,16980,Chicago-Naperville-Elgin IL-IN,Metro
18113,IN,NOBLE,46245,17440,10,509,FORT WAYNE,1.0,False,28340,Kendallville IN,Micro
18115,IN,OHIO,5288,2166,1,515,CINCINNATI,1.0,False,17140,Cincinnati OH-KY-IN,Metro
18117,IN,ORANGE,19180,7691,4,529,LOUISVILLE,1.0,False,,,
18119,IN,OWEN,22065,8941,7,527,INDIANAPOLIS,1.0,False,14020,Bloomington IN,Metro
18121,IN,PARKE,15078,5685,7,581,TERRE HAUTE,1.0,False,,,
18123,IN,PERRY,18178,7141,8,649,EVANSVILLE,1.0,False,,,
18125,IN,PIKE,11648,4724,6,649,EVANSVILLE,1.0,False,,,
18127,IN,PORTER,166900,65009,10,602,CHICAGO,1.0,False,16980,Chicago-Naperville-Elgin IL-IN,Metro
18129,IN,POSEY,22145,8935,6,649,EVANSVILLE,1.0,False,21780,Evansville IN,Metro
18131,IN,PULASKI,12868,5248,5,588,SOUTH BEND-ELKHART,1.0,False,,,
18133,IN,PUTNAM,39475,14436,9,527,INDIANAPOLIS,1.0,False,24600,Greencastle IN,Micro
18135,IN,RANDOLPH,25096,10432,9,527,INDIANAPOLIS,1.0,False,,,
18137,IN,RIPLEY,34952,13498,11,515,CINCINNATI,1.0,False,,,
18139,IN,RUSH,16179,6440,8,527,INDIANAPOLIS,1.0,False,,,
18141,IN,ST JOSEPH,283204,111268,27,588,SOUTH BEND-ELKHART,1.0,False,43780,South Bend-Mishawaka IN-MI,Metro
18143,IN,SCOTT,27621,11008,4,529,LOUISVILLE,1.0,False,,,
18145,IN,SHELBY,42226,16759,8,527,INDIANAPOLIS,1.0,False,26900,Indianapolis-Carmel-Greenwood IN,Metro
18147,IN,SPENCER,20625,8218,15,649,EVANSVILLE,1.0,False,,,
18149,IN,STARKE,21349,8472,6,588,SOUTH BEND-ELKHART,1.0,False,,,
18151,IN,STEUBEN,35271,14170,6,509,FORT WAYNE,1.0,False,11420,Angola IN,Micro
18153,IN,SULLIVAN,20906,7795,10,581,TERRE HAUTE,1.0,False,45460,Terre Haute IN,Metro
18155,IN,SWITZERLAND,8277,3273,5,515,CINCINNATI,1.0,False,,,
18157,IN,TIPPECANOE,186287,71687,17,582,"LAFAYETTE, IN",1.0,False,29200,Lafayette-West Lafayette IN,Metro
18159,IN,TIPTON,14202,5781,6,527,INDIANAPOLIS,1.0,False,26900,Indianapolis-Carmel-Greenwood IN,Metro
18161,IN,UNION,7105,2922,3,515,CINCINNATI,1.0,False,,,
18163,IN,VANDERBURGH,183242,77285,33,649,EVANSVILLE,1.0,False,21780,Evansville IN,Metro
18165,IN,VERMILLION,15138,6385,9,581,TERRE HAUTE,1.0,False,45460,Terre Haute IN,Metro
18167,IN,VIGO,104680,41214,19,581,TERRE HAUTE,1.0,False,45460,Terre Haute IN,Metro
18169,IN,WABASH,31357,12900,10,509,FORT WAYNE,1.0,False,47340,Wabash IN,Micro
18171,IN,WARREN,5836,2294,4,582,"LAFAYETTE, IN",1.0,False,29200,Lafayette-West Lafayette IN,Metro
18173,IN,WARRICK,63464,24460,7,649,EVANSVILLE,1.0,False,21780,Evansville IN,Metro
18175,IN,WASHINGTON,26761,10454,5,529,LOUISVILLE,1.0,False,31140,Louisville/Jefferson County KY-IN,Metro
18177,IN,WAYNE,67117,27620,14,542,DAYTON,1.0,False,39980,Richmond IN,Micro
18179,IN,WELLS,28031,11071,9,509,FORT WAYNE,1.0,False,23060,Fort Wayne IN,Metro
18181,IN,WHITE,27132,11046,9,527,INDIANAPOLIS,1.0,False,33900,Monticello IN,Micro
18183,IN,WHITLEY,36581,14791,4,509,FORT WAYNE,1.0,False,23060,Fort Wayne IN,Metro
19001,IA,ADAIR,6184,2682,5,679,DES MOINES-AMES,1.0,False,,,
19003,IA,ADAMS,3359,1473,4,679,DES MOINES-AMES,1.0,False,,,
19005,IA,ALLAMAKEE,14362,5926,7,637,CEDAR RAPIDS-WATERLOO-DUBUQUE,1.0,False,,,
19007,IA,APPANOOSE,12600,5417,9,679,DES MOINES-AMES,1.0,False,,,
19009,IA,AUDUBON,5390,2363,6,679,DES MOINES-AMES,1.0,False,,,
19011,IA,BENTON,24864,9957,15,637,CEDAR RAPIDS-WATERLOO-DUBUQUE,1.0,False,16300,Cedar Rapids IA,Metro
19013,IA,BLACK HAWK,130291,53945,13,637,CEDAR RAPIDS-WATERLOO-DUBUQUE,1.0,False,47940,Waterloo-Cedar Falls IA,Metro
19015,IA,BOONE,24717,10307,11,679,DES MOINES-AMES,1.0,False,11180,Ames IA,Metro
19017,IA,BREMER,25830,9982,8,637,CEDAR RAPIDS-WATERLOO-DUBUQUE,1.0,False,47940,Waterloo-Cedar Falls IA,Metro
19019,IA,BUCHANAN,21936,8643,11,637,CEDAR RAPIDS-WATERLOO-DUBUQUE,1.0,False,,,
19021,IA,BUENA VISTA,21067,7547,9,624,SIOUX CITY,1.0,False,44740,Storm Lake IA,Micro
19023,IA,BUTLER,14840,6218,12,637,CEDAR RAPIDS-WATERLOO-DUBUQUE,1.0,False,,,
19025,IA,CALHOUN,10434,4253,10,679,DES MOINES-AMES,1.0,False,,,
19027,IA,CARROLL,21307,8984,12,679,DES MOINES-AMES,1.0,False,16140,Carroll IA,Micro
19029,IA,CASS,13696,6060,8,652,OMAHA,1.0,False,,,
19031,IA,CEDAR,17004,7005,8,637,CEDAR RAPIDS-WATERLOO-DUBUQUE,1.0,False,,,
19033,IA,CERRO GORDO,42949,19175,11,611,ROCHESTER-MASON CITY-AUSTIN,1.0,False,32380,Mason City IA,Micro
19035,IA,CHEROKEE,11592,4963,8,624,SIOUX CITY,1.0,False,,,
19037,IA,CHICKASAW,12134,5093,7,637,CEDAR RAPIDS-WATERLOO-DUBUQUE,1.0,False,,,
19039,IA,CLARKE,9214,3653,3,679,DES MOINES-AMES,1.0,False,,,
19041,IA,CLAY,15959,7030,9,624,SIOUX CITY,1.0,False,43980,Spencer IA,Micro
19043,IA,CLAYTON,17068,7342,15,637,CEDAR RAPIDS-WATERLOO-DUBUQUE,1.0,False,,,
19045,IA,CLINTON,46049,19317,18,682,DAVENPORT-ROCK ISLAND-MOLINE,1.0,False,17540,Clinton IA,Micro
19047,IA,CRAWFORD,16341,6190,12,652,OMAHA,1.0,False,,,
19049,IA,DALLAS,60898,22811,15,679,DES MOINES-AMES,1.0,False,19780,Des Moines-West Des Moines IA,Metro
19051,IA,DAVIS,9055,3275,4,631,OTTUMWA-KIRKSVILLE,1.0,False,,,
19053,IA,DECATUR,7873,3068,8,679,DES MOINES-AMES,1.0,False,,,
19055,IA,DELAWARE,15872,6493,10,637,CEDAR RAPIDS-WATERLOO-DUBUQUE,1.0,False,,,
19057,IA,DES MOINES,38550,16611,7,682,DAVENPORT-ROCK ISLAND-MOLINE,1.0,False,15460,Burlington IA-IL,Micro
19059,IA,DICKINSON,17583,7941,7,624,SIOUX CITY,1.0,False,44020,Spirit Lake IA,Micro
19061,IA,DUBUQUE,102139,41010,18,637,CEDAR RAPIDS-WATERLOO-DUBUQUE,1.0,False,20220,Dubuque IA,Metro
19063,IA,EMMET,9516,4033,5,624,SIOUX CITY,1.0,False,,,
19065,IA,FAYETTE,18740,7884,14,637,CEDAR RAPIDS-WATERLOO-DUBUQUE,1.0,False,,,
19067,IA,FLOYD,15552,6610,7,611,ROCHESTER-MASON CITY-AUSTIN,1.0,False,,,
19069,IA,FRANKLIN,8999,3704,9,679,DES MOINES-AMES,1.0,False,,,
19071,IA,FREMONT,6632,2708,9,652,OMAHA,1.0,False,,,
19073,IA,GREENE,8706,3772,8,679,DES MOINES-AMES,1.0,False,,,
19075,IA,GRUNDY,11366,4656,9,637,CEDAR RAPIDS-WATERLOO-DUBUQUE,1.0,False,47940,Waterloo-Cedar Falls IA,Metro
19077,IA,GUTHRIE,11099,4711,9,679,DES MOINES-AMES,1.0,False,19780,Des Moines-West Des Moines IA,Metro
19079,IA,HAMILTON,14649,6167,9,679,DES MOINES-AMES,1.0,False,,,
19081,IA,HANCOCK,9883,4209,8,611,ROCHESTER-MASON CITY-AUSTIN,1.0,False,,,
19083,IA,HARDIN,18390,7651,13,679,DES MOINES-AMES,1.0,False,,,
19085,IA,HARRISON,14940,6118,10,652,OMAHA,1.0,False,36540,Omaha NE-IA,Metro
19087,IA,HENRY,21138,7982,10,682,DAVENPORT-ROCK ISLAND-MOLINE,1.0,False,,,
19089,IA,HOWARD,10919,4510,6,611,ROCHESTER-MASON CITY-AUSTIN,1.0,False,,,
19091,IA,HUMBOLDT,9426,3974,10,679,DES MOINES-AMES,1.0,False,,,
19093,IA,IDA,6805,2877,5,624,SIOUX CITY,1.0,False,,,
19095,IA,IOWA,16461,6769,12,637,CEDAR RAPIDS-WATERLOO-DUBUQUE,1.0,False,,,
19097,IA,JACKSON,19560,8306,12,682,DAVENPORT-ROCK ISLAND-MOLINE,1.0,False,,,
19099,IA,JASPER,36549,14458,12,679,DES MOINES-AMES,1.0,False,19780,Des Moines-West Des Moines IA,Metro
19101,IA,JEFFERSON,15067,6693,6,631,OTTUMWA-KIRKSVILLE,1.0,False,,,
19103,IA,JOHNSON,149692,60332,14,637,CEDAR RAPIDS-WATERLOO-DUBUQUE,1.0,False,26980,Iowa City IA,Metro
19105,IA,JONES,19478,7721,10,637,CEDAR RAPIDS-WATERLOO-DUBUQUE,1.0,False,16300,Cedar Rapids IA,Metro
19107,IA,KEOKUK,10911,4484,15,637,CEDAR RAPIDS-WATERLOO-DUBUQUE,1.0,False,,,
19109,IA,KOSSUTH,14185,6177,12,679,DES MOINES-AMES,1.0,False,,,
19111,IA,LEE,33100,13847,11,717,QUINCY-HANNIBAL-KEOKUK,1.0,False,22800,Fort Madison IA,Micro
19113,IA,LINN,232094,95497,31,637,CEDAR RAPIDS-WATERLOO-DUBUQUE,1.0,False,16300,Cedar Rapids IA,Metro
19115,IA,LOUISA,10692,4118,7,682,DAVENPORT-ROCK ISLAND-MOLINE,1.0,False,,,
19117,IA,LUCAS,8653,3610,5,679,DES MOINES-AMES,1.0,False,,,
19119,IA,LYON,11879,4457,8,725,SIOUX FALLS (MITCHELL),1.0,False,,,
19121,IA,MADISON,15627,6142,8,679,DES MOINES-AMES,1.0,False,19780,Des Moines-West Des Moines IA,Metro
19123,IA,MAHASKA,20781,8281,9,679,DES MOINES-AMES,1.0,False,36820,Oskaloosa IA,Micro
19125,IA,MARION,34002,13307,12,679,DES MOINES-AMES,1.0,False,37800,Pella IA,Micro
19127,IA,MARSHALL,40093,15338,13,679,DES MOINES-AMES,1.0,False,32260,Marshalltown IA,Micro
19129,IA,MILLS,14484,5508,8,652,OMAHA,1.0,False,36540,Omaha NE-IA,Metro
19131,IA,MITCHELL,9687,4035,8,611,ROCHESTER-MASON CITY-AUSTIN,1.0,False,,,
19133,IA,MONONA,8529,3762,9,624,SIOUX CITY,1.0,False,,,
19135,IA,MONROE,7242,3019,3,679,DES MOINES-AMES,1.0,False,,,
19137,IA,MONTGOMERY,10406,4504,6,652,OMAHA,1.0,False,,,
19139,IA,MUSCATINE,44350,17331,10,682,DAVENPORT-ROCK ISLAND-MOLINE,1.0,False,34700,Muscatine IA,Micro
19141,IA,OBRIEN,14732,6041,8,624,SIOUX CITY,1.0,False,,,
19143,IA,OSCEOLA,6111,2566,5,725,SIOUX FALLS (MITCHELL),1.0,False,,,
19145,IA,PAGE,15280,6238,11,652,OMAHA,1.0,False,,,
19147,IA,PALO ALTO,9382,3987,8,624,SIOUX CITY,1.0,False,,,
19149,IA,PLYMOUTH,24478,9743,9,624,SIOUX CITY,1.0,False,30180,Le Mars IA,Micro
19151,IA,POCAHONTAS,7341,3200,9,679,DES MOINES-AMES,1.0,False,,,
19153,IA,POLK,533575,213266,76,679,DES MOINES-AMES,1.0,False,19780,Des Moines-West Des Moines IA,Metro
19155,IA,POTTAWATTAMIE,93267,37134,17,652,OMAHA,1.0,False,36540,Omaha NE-IA,Metro
19157,IA,POWESHIEK,19294,7765,8,679,DES MOINES-AMES,1.0,False,,,
19159,IA,RINGGOLD,4386,1862,7,679,DES MOINES-AMES,1.0,False,,,
19161,IA,SAC,9430,4130,8,624,SIOUX CITY,1.0,False,,,
19163,IA,SCOTT,174987,71749,22,682,DAVENPORT-ROCK ISLAND-MOLINE,1.0,False,19340,Davenport-Moline-Rock Island IA-IL,Metro
19165,IA,SHELBY,11425,4831,11,652,OMAHA,1.0,False,,,
19167,IA,SIOUX,35804,12213,13,624,SIOUX CITY,1.0,False,,,
19169,IA,STORY,101007,39192,18,679,DES MOINES-AMES,1.0,False,11180,Ames IA,Metro
19171,IA,TAMA,17389,6900,13,637,CEDAR RAPIDS-WATERLOO-DUBUQUE,1.0,False,,,
19173,IA,TAYLOR,6259,2651,7,679,DES MOINES-AMES,1.0,False,,,
19175,IA,UNION,12631,5333,7,679,DES MOINES-AMES,1.0,False,,,
19177,IA,VAN BUREN,7811,3244,10,631,OTTUMWA-KIRKSVILLE,1.0,False,,,
19179,IA,WAPELLO,35432,14165,7,631,OTTUMWA-KIRKSVILLE,1.0,False,36900,Ottumwa IA,Micro
19181,IA,WARREN,51753,19364,13,679,DES MOINES-AMES,1.0,False,19780,Des Moines-West Des Moines IA,Metro
19183,IA,WASHINGTON,25094,9662,8,637,CEDAR RAPIDS-WATERLOO-DUBUQUE,1.0,False,26980,Iowa City IA,Metro
19185,IA,WAYNE,6534,2584,8,679,DES MOINES-AMES,1.0,False,,,
19187,IA,WEBSTER,36818,14940,14,679,DES MOINES-AMES,1.0,False,22700,Fort Dodge IA,Micro
19189,IA,WINNEBAGO,11845,5006,7,611,ROCHESTER-MASON CITY-AUSTIN,1.0,False,,,
19191,IA,WINNESHIEK,19341,7899,8,637,CEDAR RAPIDS-WATERLOO-DUBUQUE,1.0,False,,,
19193,IA,WOODBURY,107993,40669,24,624,SIOUX CITY,1.0,False,43580,Sioux City IA-NE-SD,Metro
19195,IA,WORTH,7182,3041,7,611,ROCHESTER-MASON CITY-AUSTIN,1.0,False,32380,Mason City IA,Micro
19197,IA,WRIGHT,13015,5494,9,679,DES MOINES-AMES,1.0,False,,,
20001,KS,ALLEN,12376,5221,7,603,JOPLIN-PITTSBURG,1.0,False,,,
20003,KS,ANDERSON,8459,3370,7,616,KANSAS CITY,1.0,False,,,
20005,KS,ATCHISON,15975,5966,5,616,KANSAS CITY,1.0,False,11860,Atchison KS,Micro
20007,KS,BARBER,4267,1911,8,678,WICHITA-HUTCHINSON PLUS,1.0,False,,,
20009,KS,BARTON,25728,10750,7,678,WICHITA-HUTCHINSON PLUS,1.0,False,24460,Great Bend KS,Micro
20011,KS,BOURBON,14385,5661,7,603,JOPLIN-PITTSBURG,1.0,False,,,
20013,KS,BROWN,9467,3837,7,605,TOPEKA,1.0,False,,,
20015,KS,BUTLER,67258,24624,15,678,WICHITA-HUTCHINSON PLUS,1.0,False,48620,Wichita KS,Metro
20017,KS,CHASE,2316,938,5,678,WICHITA-HUTCHINSON PLUS,1.0,False,21380,Emporia KS,Micro
20019,KS,CHAUTAUQUA,3086,1318,5,671,TULSA,1.0,False,,,
20021,KS,CHEROKEE,18582,7532,9,603,JOPLIN-PITTSBURG,1.0,False,27900,Joplin MO-KS,Metro
20023,KS,CHEYENNE,2576,1164,2,678,WICHITA-HUTCHINSON PLUS,1.0,False,,,
20025,KS,CLARK,2094,868,3,678,WICHITA-HUTCHINSON PLUS,1.0,False,,,
20027,KS,CLAY,7942,3296,5,605,TOPEKA,1.0,False,,,
20029,KS,CLOUD,9241,3740,6,605,TOPEKA,1.0,False,,,
20031,KS,COFFEY,8530,3556,6,605,TOPEKA,1.0,False,,,
20033,KS,COMANCHE,1735,764,3,678,WICHITA-HUTCHINSON PLUS,1.0,False,,,
20035,KS,COWLEY,34467,13302,9,678,WICHITA-HUTCHINSON PLUS,1.0,False,11680,Arkansas City-Winfield KS,Micro
20037,KS,CRAWFORD,39777,15988,13,603,JOPLIN-PITTSBURG,1.0,False,38260,Pittsburg KS,Micro
20039,KS,DECATUR,2766,1280,4,678,WICHITA-HUTCHINSON PLUS,1.0,False,,,
20041,KS,DICKINSON,18747,7786,8,678,WICHITA-HUTCHINSON PLUS,1.0,False,,,
20043,KS,DONIPHAN,7421,2899,7,638,SAINT JOSEPH,1.0,False,41140,St. Joseph MO-KS,Metro
20045,KS,DOUGLAS,119025,48628,8,616,KANSAS CITY,0.985,True,29940,Lawrence KS,Metro
20047,KS,EDWARDS,2908,1267,4,678,WICHITA-HUTCHINSON PLUS,1.0,False,,,
20049,KS,ELK,2376,1038,5,678,WICHITA-HUTCHINSON PLUS,1.0,False,,,
20051,KS,ELLIS,28942,11855,7,678,WICHITA-HUTCHINSON PLUS,1.0,False,25700,Hays KS,Micro
20053,KS,ELLSWORTH,6031,2164,5,678,WICHITA-HUTCHINSON PLUS,1.0,False,,,
20055,KS,FINNEY,38214,12991,3,678,WICHITA-HUTCHINSON PLUS,1.0,False,23780,Garden City KS,Micro
20057,KS,FORD,34070,11290,6,678,WICHITA-HUTCHINSON PLUS,1.0,False,19980,Dodge City KS,Micro
20059,KS,FRANKLIN,26822,10539,8,616,KANSAS CITY,1.0,False,36840,Ottawa KS,Micro
20061,KS,GEARY,44824,14783,3,605,TOPEKA,1.0,False,31740,Manhattan KS,Metro
20063,KS,GOVE,2767,1146,5,678,WICHITA-HUTCHINSON PLUS,1.0,False,,,
20065,KS,GRAHAM,2243,1039,4,678,WICHITA-HUTCHINSON PLUS,1.0,False,,,
20067,KS,GRANT,7359,2632,1,678,WICHITA-HUTCHINSON PLUS,1.0,False,,,
20069,KS,GRAY,6336,2316,5,678,WICHITA-HUTCHINSON PLUS,1.0,False,,,
20071,KS,GREELEY,1277,529,1,678,WICHITA-HUTCHINSON PLUS,1.0,False,,,
20073,KS,GREENWOOD,6381,2855,9,678,WICHITA-HUTCHINSON PLUS,1.0,False,,,
20075,KS,HAMILTON,2592,955,3,678,WICHITA-HUTCHINSON PLUS,1.0,False,,,
20077,KS,HARPER,5402,2317,7,678,WICHITA-HUTCHINSON PLUS,1.0,False,,,
20079,KS,HARVEY,35732,14006,7,678,WICHITA-HUTCHINSON PLUS,1.0,False,48620,Wichita KS,Metro
20081,KS,HASKELL,3573,1283,2,678,WICHITA-HUTCHINSON PLUS,1.0,False,,,
20083,KS,HODGEMAN,1573,655,2,678,WICHITA-HUTCHINSON PLUS,1.0,False,,,
20085,KS,JACKSON,13173,5032,9,605,TOPEKA,1.0,False,45820,Topeka KS,Metro
20087,KS,JEFFERSON,18565,7251,9,605,TOPEKA,1.0,False,45820,Topeka KS,Metro
20089,KS,JEWELL,2758,1273,7,722,LINCOLN-HASTINGS-KEARNEY PLUS,1.0,False,,,
20091,KS,JOHNSON,613576,240795,44,616,KANSAS CITY,1.0,False,28140,Kansas City MO-KS,Metro
20093,KS,KEARNY,3864,1388,2,678,WICHITA-HUTCHINSON PLUS,1.0,False,,,
20095,KS,KINGMAN,7050,3001,7,678,WICHITA-HUTCHINSON PLUS,1.0,False,,,
20097,KS,KIOWA,2510,995,3,678,WICHITA-HUTCHINSON PLUS,1.0,False,,,
20099,KS,LABETTE,19910,8148,8,603,JOPLIN-PITTSBURG,1.0,False,,,
20101,KS,LANE,1611,752,2,678,WICHITA-HUTCHINSON PLUS,1.0,False,,,
20103,KS,LEAVENWORTH,78131,27515,7,616,KANSAS CITY,1.0,False,28140,Kansas City MO-KS,Metro
20105,KS,LINCOLN,2815,1273,4,678,WICHITA-HUTCHINSON PLUS,1.0,False,,,
20107,KS,LINN,9294,3867,6,616,KANSAS CITY,1.0,False,28140,Kansas City MO-KS,Metro
20109,KS,LOGAN,3080,1301,3,678,WICHITA-HUTCHINSON PLUS,1.0,False,,,
20111,KS,LYON,32310,13224,8,605,TOPEKA,1.0,False,21380,Emporia KS,Micro
20113,KS,MCPHERSON,31121,12300,9,678,WICHITA-HUTCHINSON PLUS,1.0,False,32700,McPherson KS,Micro
20115,KS,MARION,11759,4768,12,678,WICHITA-HUTCHINSON PLUS,1.0,False,,,
20117,KS,MARSHALL,10289,4278,11,605,TOPEKA,1.0,False,,,
20119,KS,MEADE,4099,1590,3,678,WICHITA-HUTCHINSON PLUS,1.0,False,,,
20121,KS,MIAMI,29764,11353,6,616,KANSAS CITY,1.0,False,28140,Kansas City MO-KS,Metro
20123,KS,MITCHELL,6046,2633,6,678,WICHITA-HUTCHINSON PLUS,1.0,False,,,
20125,KS,MONTGOMERY,32315,13285,10,671,TULSA,1.0,False,,,
20127,KS,MORRIS,5089,2185,5,605,TOPEKA,1.0,False,,,
20129,KS,MORTON,2695,1046,3,678,WICHITA-HUTCHINSON PLUS,1.0,False,,,
20131,KS,NEMAHA,10258,4035,9,605,TOPEKA,1.0,False,,,
20133,KS,NEOSHO,15917,6269,6,603,JOPLIN-PITTSBURG,1.0,False,,,
20135,KS,NESS,2800,1269,7,678,WICHITA-HUTCHINSON PLUS,1.0,False,,,
20137,KS,NORTON,5445,1974,4,678,WICHITA-HUTCHINSON PLUS,1.0,False,,,
20139,KS,OSAGE,16169,6654,9,605,TOPEKA,1.0,False,45820,Topeka KS,Metro
20141,KS,OSBORNE,3509,1559,5,678,WICHITA-HUTCHINSON PLUS,1.0,False,,,
20143,KS,OTTAWA,5423,2205,4,678,WICHITA-HUTCHINSON PLUS,1.0,False,41460,Salina KS,Micro
20145,KS,PAWNEE,6146,2404,4,678,WICHITA-HUTCHINSON PLUS,1.0,False,,,
20147,KS,PHILLIPS,4948,2194,7,722,LINCOLN-HASTINGS-KEARNEY PLUS,1.0,False,,,
20149,KS,POTTAWATOMIE,21329,7650,10,605,TOPEKA,1.0,False,31740,Manhattan KS,Metro
20151,KS,PRATT,8715,3512,5,678,WICHITA-HUTCHINSON PLUS,1.0,False,,,
20153,KS,RAWLINS,2419,1080,4,678,WICHITA-HUTCHINSON PLUS,1.0,False,,,
20155,KS,RENO,61170,24927,15,678,WICHITA-HUTCHINSON PLUS,1.0,False,26740,Hutchinson KS,Micro
20157,KS,REPUBLIC,4486,2048,9,722,LINCOLN-HASTINGS-KEARNEY PLUS,1.0,False,,,
20159,KS,RICE,9683,3840,8,678,WICHITA-HUTCHINSON PLUS,1.0,False,,,
20161,KS,RILEY,68474,27010,8,605,TOPEKA,1.0,False,31740,Manhattan KS,Metro
20163,KS,ROOKS,4963,2131,5,678,WICHITA-HUTCHINSON PLUS,1.0,False,,,
20165,KS,RUSH,3005,1337,8,678,WICHITA-HUTCHINSON PLUS,1.0,False,,,
20167,KS,RUSSELL,6913,3021,8,678,WICHITA-HUTCHINSON PLUS,1.0,False,,,
20169,KS,SALINE,54203,22212,7,678,WICHITA-HUTCHINSON PLUS,1.0,False,41460,Salina KS,Micro
20171,KS,SCOTT,5148,2012,1,678,WICHITA-HUTCHINSON PLUS,1.0,False,,,
20173,KS,SEDGWICK,524966,205715,49,678,WICHITA-HUTCHINSON PLUS,1.0,False,48620,Wichita KS,Metro
20175,KS,SEWARD,21789,7303,3,678,WICHITA-HUTCHINSON PLUS,1.0,False,30580,Liberal KS,Micro
20177,KS,SHAWNEE,179422,73724,38,605,TOPEKA,1.0,False,45820,Topeka KS,Metro
20179,KS,SHERIDAN,2152,914,2,678,WICHITA-HUTCHINSON PLUS,1.0,False,,,
20181,KS,SHERMAN,5892,2426,3,678,WICHITA-HUTCHINSON PLUS,1.0,False,,,
20183,KS,SMITH,3540,1617,6,722,LINCOLN-HASTINGS-KEARNEY PLUS,1.0,False,,,
20185,KS,STAFFORD,3922,1686,4,678,WICHITA-HUTCHINSON PLUS,1.0,False,,,
20187,KS,STANTON,2111,798,2,678,WICHITA-HUTCHINSON PLUS,1.0,False,,,
20189,KS,STEVENS,5285,1907,2,678,WICHITA-HUTCHINSON PLUS,1.0,False,,,
20191,KS,SUMNER,20912,8405,12,678,WICHITA-HUTCHINSON PLUS,1.0,False,48620,Wichita KS,Metro
20193,KS,THOMAS,7934,3166,5,678,WICHITA-HUTCHINSON PLUS,1.0,False,,,
20195,KS,TREGO,2587,1187,3,678,WICHITA-HUTCHINSON PLUS,1.0,False,,,
20197,KS,WABAUNSEE,6415,2467,7,605,TOPEKA,1.0,False,45820,Topeka KS,Metro
20199,KS,WALLACE,1565,629,3,678,WICHITA-HUTCHINSON PLUS,1.0,False,,,
20201,KS,WASHINGTON,5833,2435,11,605,TOPEKA,1.0,False,,,
20203,KS,WICHITA,2192,866,2,678,WICHITA-HUTCHINSON PLUS,1.0,False,,,
20205,KS,WILSON,8193,3452,5,603,JOPLIN-PITTSBURG,1.0,False,,,
20207,KS,WOODSON,2938,1283,3,603,JOPLIN-PITTSBURG,1.0,False,,,
20209,KS,WYANDOTTE,171535,62676,17,616,KANSAS CITY,1.0,False,28140,Kansas City MO-KS,Metro
21001,KY,ADAIR,17840,6970,6,529,LOUISVILLE,1.0,False,,,
21003,KY,ALLEN,19719,7693,3,659,NASHVILLE,1.0,False,14540,Bowling Green KY,Metro
21005,KY,ANDERSON,23232,9143,1,541,LEXINGTON,1.0,False,23180,Frankfort KY,Micro
21007,KY,BALLARD,5583,2302,5,632,PADUCAH-CAPE GIRARDEAU-HARRISBURG,1.0,False,37140,Paducah KY-IL,Metro
21009,KY,BARREN,42187,16845,9,736,BOWLING GREEN,1.0,False,23980,Glasgow KY,Micro
21011,KY,BATH,13303,5087,5,541,LEXINGTON,1.0,False,34460,Mount Sterling KY,Micro
21013,KY,BELL,24680,10123,12,557,KNOXVILLE,1.0,False,33180,Middlesborough KY,Micro
21015,KY,BOONE,139774,50549,9,515,CINCINNATI,1.0,False,17140,Cincinnati OH-KY-IN,Metro
21017,KY,BOURBON,18912,7681,4,541,LEXINGTON,1.0,False,30460,Lexington-Fayette KY,Metro
21019,KY,BOYD,51984,20716,6,564,CHARLESTON-HUNTINGTON,1.0,False,26580,Huntington-Ashland WV-KY-OH,Metro
21021,KY,BOYLE,31058,11950,6,541,LEXINGTON,1.0,False,19220,Danville KY,Micro
21023,KY,BRACKEN,9195,3602,5,515,CINCINNATI,1.0,False,17140,Cincinnati OH-KY-IN,Metro
21025,KY,BREATHITT,12829,5333,7,541,LEXINGTON,1.0,False,,,
21027,KY,BRECKINRIDGE,18581,7293,13,529,LOUISVILLE,1.0,False,,,
21029,KY,BULLITT,66771,25441,7,529,LOUISVILLE,1.0,False,31140,Louisville/Jefferson County KY-IN,Metro
21031,KY,BUTLER,10626,4193,6,736,BOWLING GREEN,1.0,False,14540,Bowling Green KY,Metro
21033,KY,CALDWELL,12530,5173,2,632,PADUCAH-CAPE GIRARDEAU-HARRISBURG,1.0,False,,,
21035,KY,CALLOWAY,36834,14984,6,632,PADUCAH-CAPE GIRARDEAU-HARRISBURG,1.0,False,34660,Murray KY,Micro
21037,KY,CAMPBELL,92883,38392,11,515,CINCINNATI,1.0,False,17140,Cincinnati OH-KY-IN,Metro
21039,KY,CARLISLE,4681,1940,4,632,PADUCAH-CAPE GIRARDEAU-HARRISBURG,1.0,False,37140,Paducah KY-IL,Metro
21041,KY,CARROLL,12143,4647,4,529,LOUISVILLE,1.0,False,,,
21043,KY,CARTER,27258,10930,8,564,CHARLESTON-HUNTINGTON,1.0,False,26580,Huntington-Ashland WV-KY-OH,Metro
21045,KY,CASEY,14001,5468,6,541,LEXINGTON,1.0,False,,,
21047,KY,CHRISTIAN,79091,27914,10,659,NASHVILLE,1.0,False,17300,Clarksville TN-KY,Metro
21049,KY,CLARK,36461,14699,2,541,LEXINGTON,1.0,False,30460,Lexington-Fayette KY,Metro
21051,KY,CLAY,20056,7502,8,541,LEXINGTON,1.0,False,18340,Corbin KY,Micro
21053,KY,CLINTON,9811,4128,2,659,NASHVILLE,1.0,False,,,
21055,KY,CRITTENDEN,8162,3255,3,632,PADUCAH-CAPE GIRARDEAU-HARRISBURG,1.0,False,,,
21057,KY,CUMBERLAND,5891,2591,2,659,NASHVILLE,1.0,False,,,
21059,KY,DAVIESS,104815,41694,11,649,EVANSVILLE,1.0,False,36980,Owensboro KY,Metro
21061,KY,EDMONSON,7773,3134,6,736,BOWLING GREEN,1.0,False,14540,Bowling Green KY,Metro
21063,KY,ELLIOTT,5227,1660,2,564,CHARLESTON-HUNTINGTON,1.0,False,,,
21065,KY,ESTILL,14163,5900,2,541,LEXINGTON,1.0,False,40080,Richmond-Berea KY,Micro
21067,KY,FAYETTE,323443,134933,39,541,LEXINGTON,1.0,False,30460,Lexington-Fayette KY,Metro
21069,KY,FLEMING,15520,6081,6,541,LEXINGTON,1.0,False,,,
21071,KY,FLOYD,35844,14933,33,564,CHARLESTON-HUNTINGTON,1.0,False,38210,Pikeville KY,Micro
21073,KY,FRANKLIN,52133,22103,9,541,LEXINGTON,1.0,False,23180,Frankfort KY,Micro
21075,KY,FULTON,7496,3140,2,632,PADUCAH-CAPE GIRARDEAU-HARRISBURG,1.0,False,,,
21077,KY,GALLATIN,7566,2776,3,515,CINCINNATI,1.0,False,17140,Cincinnati OH-KY-IN,Metro
21079,KY,GARRARD,16704,6492,3,541,LEXINGTON,1.0,False,,,
21081,KY,GRANT,28271,10210,6,515,CINCINNATI,1.0,False,17140,Cincinnati OH-KY-IN,Metro
21083,KY,GRAVES,38692,15644,12,632,PADUCAH-CAPE GIRARDEAU-HARRISBURG,1.0,False,32460,Mayfield KY,Micro
21085,KY,GRAYSON,28838,11449,7,529,LOUISVILLE,1.0,False,,,
21087,KY,GREEN,9721,4078,2,529,LOUISVILLE,1.0,False,15820,Campbellsville KY,Micro
21089,KY,GREENUP,33377,13508,7,564,CHARLESTON-HUNTINGTON,1.0,False,26580,Huntington-Ashland WV-KY-OH,Metro
21091,KY,HANCOCK,9117,3508,3,649,EVANSVILLE,1.0,False,,,
21093,KY,HARDIN,122162,46989,15,529,LOUISVILLE,1.0,False,21060,Elizabethtown KY,Metro
21095,KY,HARLAN,26984,11293,26,557,KNOXVILLE,1.0,False,,,
21097,KY,HARRISON,19012,7465,2,541,LEXINGTON,1.0,False,,,
21099,KY,HART,17792,6860,6,736,BOWLING GREEN,1.0,False,,,
21101,KY,HENDERSON,44337,18175,8,649,EVANSVILLE,1.0,False,25775,Henderson KY,Micro
21103,KY,HENRY,18620,7171,11,529,LOUISVILLE,1.0,False,31140,Louisville/Jefferson County KY-IN,Metro
21105,KY,HICKMAN,3248,1363,2,632,PADUCAH-CAPE GIRARDEAU-HARRISBURG,1.0,False,,,
21107,KY,HOPKINS,45913,18800,10,649,EVANSVILLE,1.0,False,31580,Madisonville KY,Micro
21109,KY,JACKSON,13072,5305,6,541,LEXINGTON,1.0,False,,,
21111,KY,JEFFERSON,810035,337770,73,529,LOUISVILLE,1.0,False,31140,Louisville/Jefferson County KY-IN,Metro
21113,KY,JESSAMINE,51949,19090,4,541,LEXINGTON,1.0,False,30460,Lexington-Fayette KY,Metro
21115,KY,JOHNSON,23420,9525,18,564,CHARLESTON-HUNTINGTON,1.0,False,,,
21117,KY,KENTON,164955,66184,12,515,CINCINNATI,1.0,False,17140,Cincinnati OH-KY-IN,Metro
21119,KY,KNOTT,11518,4629,18,541,LEXINGTON,1.0,False,,,
21121,KY,KNOX,23303,9249,16,541,LEXINGTON,1.0,False,18340,Corbin KY,Micro
21123,KY,LARUE,14264,5671,4,529,LOUISVILLE,1.0,False,21060,Elizabethtown KY,Metro
21125,KY,LAUREL,53930,20773,11,541,LEXINGTON,1.0,False,18340,Corbin KY,Micro
21127,KY,LAWRENCE,16645,6517,8,564,CHARLESTON-HUNTINGTON,1.0,False,26580,Huntington-Ashland WV-KY-OH,Metro
21129,KY,LEE,6928,2527,4,541,LEXINGTON,1.0,False,,,
21131,KY,LESLIE,10009,4049,17,531,"TRI-CITIES, TN-VA",1.0,False,,,
21133,KY,LETCHER,23113,9637,24,531,"TRI-CITIES, TN-VA",1.0,False,,,
21135,KY,LEWIS,12749,5103,5,564,CHARLESTON-HUNTINGTON,1.0,False,,,
21137,KY,LINCOLN,26294,10518,6,541,LEXINGTON,1.0,False,19220,Danville KY,Micro
21139,KY,LIVINGSTON,9170,3899,7,632,PADUCAH-CAPE GIRARDEAU-HARRISBURG,1.0,False,37140,Paducah KY-IL,Metro
21141,KY,LOGAN,28938,11637,5,659,NASHVILLE,1.0,False,,,
21143,KY,LYON,8348,3216,2,632,PADUCAH-CAPE GIRARDEAU-HARRISBURG,1.0,False,,,
21145,KY,MCCRACKEN,69053,29435,5,632,PADUCAH-CAPE GIRARDEAU-HARRISBURG,1.0,False,37140,Paducah KY-IL,Metro
21147,KY,MCCREARY,16621,5964,7,557,KNOXVILLE,1.0,False,,,
21149,KY,MCLEAN,9609,3913,6,649,EVANSVILLE,1.0,False,36980,Owensboro KY,Metro
21151,KY,MADISON,93462,36457,6,541,LEXINGTON,1.0,False,40080,Richmond-Berea KY,Micro
21153,KY,MAGOFFIN,11583,4788,4,541,LEXINGTON,1.0,False,,,
21155,KY,MARION,19405,7668,8,529,LOUISVILLE,1.0,False,,,
21157,KY,MARSHALL,31280,13202,4,632,PADUCAH-CAPE GIRARDEAU-HARRISBURG,1.0,False,,,
21159,KY,MARTIN,10770,3842,7,564,CHARLESTON-HUNTINGTON,1.0,False,,,
21161,KY,MASON,16862,7046,5,515,CINCINNATI,1.0,False,,,
21163,KY,MEADE,21055,7932,7,529,LOUISVILLE,1.0,False,31140,Louisville/Jefferson County KY-IN,Metro
21165,KY,MENIFEE,6290,2530,4,541,LEXINGTON,1.0,False,34460,Mount Sterling KY,Micro
21167,KY,MERCER,23359,9486,3,541,LEXINGTON,1.0,False,,,
21169,KY,METCALFE,10959,4390,5,736,BOWLING GREEN,1.0,False,23980,Glasgow KY,Micro
21171,KY,MONROE,11943,4773,5,659,NASHVILLE,1.0,False,,,
21173,KY,MONTGOMERY,27962,11069,2,541,LEXINGTON,1.0,False,34460,Mount Sterling KY,Micro
21175,KY,MORGAN,13189,4614,8,541,LEXINGTON,1.0,False,,,
21177,KY,MUHLENBERG,30228,11679,13,649,EVANSVILLE,1.0,False,,,
21179,KY,NELSON,48820,19245,9,529,LOUISVILLE,1.0,False,31140,Louisville/Jefferson County KY-IN,Metro
21181,KY,NICHOLAS,7424,2915,2,541,LEXINGTON,1.0,False,,,
21183,KY,OHIO,22738,8903,12,649,EVANSVILLE,1.0,False,,,
21185,KY,OLDHAM,58459,19193,7,529,LOUISVILLE,1.0,False,31140,Louisville/Jefferson County KY-IN,Metro
21187,KY,OWEN,7472,2871,3,515,CINCINNATI,1.0,False,,,
21189,KY,OWSLEY,4459,1909,4,541,LEXINGTON,1.0,False,,,
21191,KY,PENDLETON,13900,5308,3,515,CINCINNATI,1.0,False,17140,Cincinnati OH-KY-IN,Metro
21193,KY,PERRY,31302,12641,25,541,LEXINGTON,1.0,False,,,
21195,KY,PIKE,56661,23745,41,564,CHARLESTON-HUNTINGTON,1.0,False,38210,Pikeville KY,Micro
21197,KY,POWELL,13184,5082,3,541,LEXINGTON,1.0,False,,,
21199,KY,PULASKI,66472,27088,11,541,LEXINGTON,1.0,False,43700,Somerset KY,Micro
21201,KY,ROBERTSON,1978,803,1,515,CINCINNATI,1.0,False,,,
21203,KY,ROCKCASTLE,14321,5842,6,541,LEXINGTON,1.0,False,40080,Richmond-Berea KY,Micro
21205,KY,ROWAN,25178,9324,4,541,LEXINGTON,1.0,False,,,
21207,KY,RUSSELL,17933,7393,2,541,LEXINGTON,1.0,False,,,
21209,KY,SCOTT,57686,21555,3,541,LEXINGTON,1.0,False,30460,Lexington-Fayette KY,Metro
21211,KY,SHELBY,43731,16457,6,529,LOUISVILLE,1.0,False,31140,Louisville/Jefferson County KY-IN,Metro
21213,KY,SIMPSON,18881,7366,2,659,NASHVILLE,1.0,False,23190,Franklin KY,Micro
21215,KY,SPENCER,17998,6583,2,529,LOUISVILLE,1.0,False,31140,Louisville/Jefferson County KY-IN,Metro
21217,KY,TAYLOR,27758,10819,4,529,LOUISVILLE,1.0,False,15820,Campbellsville KY,Micro
21219,KY,TODD,11668,4287,6,659,NASHVILLE,1.0,False,,,
21221,KY,TRIGG,14628,5932,2,659,NASHVILLE,1.0,False,17300,Clarksville TN-KY,Metro
21223,KY,TRIMBLE,7984,3183,2,529,LOUISVILLE,1.0,False,,,
21225,KY,UNION,14347,5559,5,649,EVANSVILLE,1.0,False,,,
21227,KY,WARREN,141700,54184,10,736,BOWLING GREEN,1.0,False,14540,Bowling Green KY,Metro
21229,KY,WASHINGTON,11437,4442,4,529,LOUISVILLE,1.0,False,,,
21231,KY,WAYNE,18296,7548,1,541,LEXINGTON,1.0,False,,,
21233,KY,WEBSTER,13763,5350,7,649,EVANSVILLE,1.0,False,25775,Henderson KY,Micro
21235,KY,WHITLEY,52507,20177,6,541,LEXINGTON,1.0,False,18340,Corbin KY,Micro
21237,KY,WOLFE,7685,3089,4,541,LEXINGTON,1.0,False,,,
21239,KY,WOODFORD,27706,10940,3,541,LEXINGTON,1.0,False,30460,Lexington-Fayette KY,Metro
22001,LA,ACADIA,57573,21967,11,642,"LAFAYETTE, LA",1.0,False,29180,Lafayette LA,Metro
22003,LA,ALLEN,21676,7458,8,643,LAKE CHARLES,1.0,False,,,
22005,LA,ASCENSION,127322,46205,11,716,BATON ROUGE,1.0,False,12940,Baton Rouge LA,Metro
22007,LA,ASSUMPTION,18012,7275,6,716,BATON ROUGE,1.0,False,12940,Baton Rouge LA,Metro
22009,LA,AVOYELLES,39876,15228,14,644,"ALEXANDRIA, LA",1.0,False,,,
22011,LA,BEAUREGARD,38821,14979,7,643,LAKE CHARLES,1.0,False,19760,DeRidder LA,Micro
22013,LA,BIENVILLE,13337,5636,8,612,SHREVEPORT,1.0,False,,,
22015,LA,BOSSIER,125447,48375,11,612,SHREVEPORT,1.0,False,43340,Shreveport-Bossier City LA,Metro
22017,LA,CADDO,240757,100579,47,612,SHREVEPORT,1.0,False,43340,Shreveport-Bossier City LA,Metro
22019,LA,CALCASIEU,225522,86773,21,643,LAKE CHARLES,1.0,False,29340,Lake Charles LA,Metro
22021,LA,CALDWELL,10435,4091,4,628,MONROE-EL DORADO,1.0,False,,,
22023,LA,CAMERON,2288,924,4,643,LAKE CHARLES,1.0,False,29340,Lake Charles LA,Metro
22025,LA,CATAHOULA,9656,3845,6,628,MONROE-EL DORADO,1.0,False,,,
22027,LA,CLAIBORNE,12745,4933,5,612,SHREVEPORT,1.0,False,,,
22029,LA,CONCORDIA,18002,6922,6,628,MONROE-EL DORADO,1.0,False,35020,Natchez MS-LA,Micro
22031,LA,DE SOTO,26688,10654,9,612,SHREVEPORT,1.0,False,43340,Shreveport-Bossier City LA,Metro
22033,LA,EAST BATON ROUGE,454976,180845,47,716,BATON ROUGE,1.0,False,12940,Baton Rouge LA,Metro
22035,LA,EAST CARROLL,7417,2359,3,628,MONROE-EL DORADO,1.0,False,,,
22037,LA,EAST FELICIANA,21344,7519,6,716,BATON ROUGE,1.0,False,12940,Baton Rouge LA,Metro
22039,LA,EVANGELINE,31842,12484,8,642,"LAFAYETTE, LA",1.0,False,,,
22041,LA,FRANKLIN,19026,7414,8,628,MONROE-EL DORADO,1.0,False,,,
22043,LA,GRANT,22299,7825,6,644,"ALEXANDRIA, LA",1.0,False,10780,Alexandria LA,Metro
22045,LA,IBERIA,70737,27407,7,642,"LAFAYETTE, LA",1.0,False,35340,New Iberia LA,Micro
22047,LA,IBERVILLE,31671,11771,9,716,BATON ROUGE,1.0,False,12940,Baton Rouge LA,Metro
22049,LA,JACKSON,13363,5382,4,628,MONROE-EL DORADO,1.0,False,,,
22051,LA,JEFFERSON,440775,178025,34,622,NEW ORLEANS,1.0,False,35380,New Orleans-Metairie LA,Metro
22053,LA,JEFFERSON DAVIS,29743,11277,7,642,"LAFAYETTE, LA",1.0,False,29340,Lake Charles LA,Metro
22055,LA,LAFAYETTE,243791,98284,18,642,"LAFAYETTE, LA",1.0,False,29180,Lafayette LA,Metro
22057,LA,LAFOURCHE,91217,35070,12,622,NEW ORLEANS,1.0,False,26380,Houma-Bayou Cane-Thibodaux LA,Metro
22059,LA,LA SALLE,14862,5156,5,628,MONROE-EL DORADO,1.0,False,,,
22061,LA,LINCOLN,49565,18535,7,628,MONROE-EL DORADO,1.0,False,40820,Ruston LA,Micro
22063,LA,LIVINGSTON,138149,51114,11,716,BATON ROUGE,1.0,False,12940,Baton Rouge LA,Metro
22065,LA,MADISON,9385,3465,3,628,MONROE-EL DORADO,1.0,False,,,
22067,LA,MOREHOUSE,25970,10436,7,628,MONROE-EL DORADO,1.0,False,33740,Monroe LA,Metro
22069,LA,NATCHITOCHES,37334,15120,16,612,SHREVEPORT,1.0,False,35060,Natchitoches LA,Micro
22071,LA,ORLEANS,383997,165125,56,622,NEW ORLEANS,1.0,False,35380,New Orleans-Metairie LA,Metro
22073,LA,OUACHITA,160894,62913,18,628,MONROE-EL DORADO,1.0,False,33740,Monroe LA,Metro
22075,LA,PLAQUEMINES,23681,8244,10,622,NEW ORLEANS,1.0,False,35380,New Orleans-Metairie LA,Metro
22077,LA,POINTE COUPEE,19096,7983,14,716,BATON ROUGE,1.0,False,12940,Baton Rouge LA,Metro
22079,LA,RAPIDES,130773,51694,31,644,"ALEXANDRIA, LA",1.0,False,10780,Alexandria LA,Metro
22081,LA,RED RIVER,7640,3006,2,612,SHREVEPORT,1.0,False,,,
22083,LA,RICHLAND,20209,7773,5,628,MONROE-EL DORADO,1.0,False,33740,Monroe LA,Metro
22085,LA,SABINE,21351,8882,9,612,SHREVEPORT,1.0,False,,,
22087,LA,SAINT BERNARD,43589,16162,6,622,NEW ORLEANS,1.0,False,35380,New Orleans-Metairie LA,Metro
22089,LA,SAINT CHARLES,50839,18636,10,622,NEW ORLEANS,1.0,False,35380,New Orleans-Metairie LA,Metro
22091,LA,SAINT HELENA,6128,2387,2,716,BATON ROUGE,1.0,False,12940,Baton Rouge LA,Metro
22093,LA,SAINT JAMES,21162,8079,8,622,NEW ORLEANS,1.0,False,35380,New Orleans-Metairie LA,Metro
22095,LA,ST JOHN THE BAPTIST,43652,16159,6,622,NEW ORLEANS,1.0,False,35380,New Orleans-Metairie LA,Metro
22097,LA,SAINT LANDRY,87041,34221,15,642,"LAFAYETTE, LA",1.0,False,36660,Opelousas LA,Micro
22099,LA,SAINT MARTIN,45644,17835,4,642,"LAFAYETTE, LA",1.0,False,29180,Lafayette LA,Metro
22101,LA,SAINT MARY,49797,19414,10,716,BATON ROUGE,1.0,False,34020,Morgan City LA,Micro
22103,LA,SAINT TAMMANY,264712,102090,20,622,NEW ORLEANS,1.0,False,43640,Slidell-Mandeville-Covington LA,Metro
22105,LA,TANGIPAHOA,140702,53901,17,622,NEW ORLEANS,1.0,False,25220,Hammond LA,Metro
22107,LA,TENSAS,4142,1758,3,628,MONROE-EL DORADO,1.0,False,,,
22109,LA,TERREBONNE,116182,43545,13,622,NEW ORLEANS,1.0,False,26380,Houma-Bayou Cane-Thibodaux LA,Metro
22111,LA,UNION,21668,8947,6,628,MONROE-EL DORADO,1.0,False,33740,Monroe LA,Metro
22113,LA,VERMILION,55651,21532,8,642,"LAFAYETTE, LA",1.0,False,29180,Lafayette LA,Metro
22115,LA,VERNON,46740,17948,12,644,"ALEXANDRIA, LA",1.0,False,,,
22117,LA,WASHINGTON,46465,18277,6,622,NEW ORLEANS,1.0,False,14220,Bogalusa LA,Micro
22119,LA,WEBSTER,38301,16272,11,612,SHREVEPORT,1.0,False,33380,Minden LA,Micro
22121,LA,WEST BATON ROUGE,27421,10436,4,716,BATON ROUGE,1.0,False,12940,Baton Rouge LA,Metro
22123,LA,WEST CARROLL,10023,4154,5,628,MONROE-EL DORADO,1.0,False,,,
22125,LA,WEST FELICIANA,15309,3897,5,716,BATON ROUGE,1.0,False,12940,Baton Rouge LA,Metro
22127,LA,WINN,12846,4789,7,628,MONROE-EL DORADO,1.0,False,,,
23001,ME,ANDROSCOGGIN,111139,45393,24,500,PORTLAND-AUBURN,1.0,False,30340,Lewiston-Auburn ME,Metro
23003,ME,AROOSTOOK,66737,29597,44,552,PRESQUE ISLE,1.0,False,,,
23005,ME,CUMBERLAND,303475,128306,52,500,PORTLAND-AUBURN,1.0,False,38860,Portland-South Portland ME,Metro
23007,ME,FRANKLIN,28965,12634,20,500,PORTLAND-AUBURN,1.0,False,,,
23009,ME,HANCOCK,53798,24234,43,537,BANGOR,1.0,False,,,
23011,ME,KENNEBEC,123606,53205,34,500,PORTLAND-AUBURN,1.0,False,12300,Augusta-Waterville ME,Micro
23013,ME,KNOX,40607,17883,20,500,PORTLAND-AUBURN,1.0,False,,,
23015,ME,LINCOLN,35234,15802,28,500,PORTLAND-AUBURN,1.0,False,,,
23017,ME,OXFORD,57772,24665,32,500,PORTLAND-AUBURN,1.0,False,,,
23019,ME,PENOBSCOT,154513,65269,47,537,BANGOR,1.0,False,12620,Bangor ME,Metro
23021,ME,PISCATAQUIS,16459,7441,12,537,BANGOR,1.0,False,,,
23023,ME,SAGADAHOC,36699,16136,9,500,PORTLAND-AUBURN,1.0,False,38860,Portland-South Portland ME,Metro
23025,ME,SOMERSET,50245,21810,26,537,BANGOR,1.0,False,,,
23027,ME,WALDO,39643,17161,20,537,BANGOR,1.0,False,,,
23029,ME,WASHINGTON,31353,13886,32,537,BANGOR,1.0,False,,,
23031,ME,YORK,211972,88924,42,500,PORTLAND-AUBURN,1.0,False,38860,Portland-South Portland ME,Metro
24001,MD,ALLEGANY,70058,28375,22,511,"WASHINGTON, DC-HAGRSTWN",1.0,False,19060,Cumberland MD-WV,Micro
24003,MD,ANNE ARUNDEL,547053,205982,41,512,BALTIMORE,1.0,False,12580,Baltimore-Columbia-Towson MD,Metro
24005,MD,BALTIMORE,812259,314914,51,512,BALTIMORE,1.0,False,12580,Baltimore-Columbia-Towson MD,Metro
24009,MD,CALVERT,94465,33448,14,511,"WASHINGTON, DC-HAGRSTWN",1.0,False,30500,Lexington Park MD,Metro
24011,MD,CAROLINE,34482,12816,11,512,BALTIMORE,1.0,False,,,
24013,MD,CARROLL,168322,61572,12,512,BALTIMORE,1.0,False,12580,Baltimore-Columbia-Towson MD,Metro
24015,MD,CECIL,103744,39400,17,512,BALTIMORE,1.0,False,37980,Philadelphia-Camden-Wilmington PA-NJ-DE-MD,Metro
24017,MD,CHARLES,166886,59090,24,511,"WASHINGTON, DC-HAGRSTWN",1.0,False,47900,Washington-Arlington-Alexandria DC-VA-MD-WV,Metro
24019,MD,DORCHESTER,31372,13226,16,576,SALISBURY,1.0,False,15700,Cambridge MD,Micro
24021,MD,FREDERICK,283110,102268,31,511,"WASHINGTON, DC-HAGRSTWN",1.0,False,47900,Washington-Arlington-Alexandria DC-VA-MD-WV,Metro
24023,MD,GARRETT,26854,11175,9,508,PITTSBURGH,1.0,False,,,
24025,MD,HARFORD,260137,98051,21,512,BALTIMORE,1.0,False,12580,Baltimore-Columbia-Towson MD,Metro
24027,MD,HOWARD,356788,127065,25,512,BALTIMORE,1.0,False,12580,Baltimore-Columbia-Towson MD,Metro
24029,MD,KENT,23778,9886,9,512,BALTIMORE,1.0,False,,,
24031,MD,MONTGOMERY,1072648,390788,77,511,"WASHINGTON, DC-HAGRSTWN",1.0,False,47900,Washington-Arlington-Alexandria DC-VA-MD-WV,Metro
24033,MD,PRINCE GEORGES,958375,339009,63,511,"WASHINGTON, DC-HAGRSTWN",1.0,False,47900,Washington-Arlington-Alexandria DC-VA-MD-WV,Metro
24035,MD,QUEEN ANNES,45124,17359,13,512,BALTIMORE,1.0,False,12580,Baltimore-Columbia-Towson MD,Metro
24037,MD,SAINT MARYS,112349,41429,27,511,"WASHINGTON, DC-HAGRSTWN",1.0,False,30500,Lexington Park MD,Metro
24039,MD,SOMERSET,23024,7679,11,576,SALISBURY,1.0,False,41540,Salisbury MD,Metro
24041,MD,TALBOT,37309,16215,15,512,BALTIMORE,1.0,False,20660,Easton MD,Micro
24043,MD,WASHINGTON,154089,58407,23,511,"WASHINGTON, DC-HAGRSTWN",1.0,False,25180,Hagerstown-Martinsburg MD-WV,Metro
24045,MD,WICOMICO,102392,39520,18,576,SALISBURY,1.0,False,41540,Salisbury MD,Metro
24047,MD,WORCESTER,55268,24029,12,576,SALISBURY,1.0,False,36180,Ocean Pines MD,Micro
24510,MD,BALTIMORE CITY,637016,269355,39,512,BALTIMORE,1.0,False,12580,Baltimore-Columbia-Towson MD,Metro
25001,MA,BARNSTABLE,231065,104355,55,506,BOSTON,1.0,False,12700,Barnstable Town MA,Metro
25003,MA,BERKSHIRE,128890,56948,38,532,ALBANY-SCHENECTADY-TROY,1.0,False,38340,Pittsfield MA,Metro
25005,MA,BRISTOL,579128,229255,43,521,PROVIDENCE-NEW BEDFORD,1.0,False,39300,Providence-Warwick RI-MA,Metro
25007,MA,DUKES,20569,8918,7,506,BOSTON,1.0,False,47240,Vineyard Haven MA,Micro
25009,MA,ESSEX,809710,309010,56,506,BOSTON,1.0,False,14460,Boston-Cambridge-Newton MA-NH,Metro
25011,MA,FRANKLIN,70126,30980,30,543,SPRINGFIELD-HOLYOKE,1.0,False,24640,Greenfield MA,Micro
25013,MA,HAMPDEN,465735,184987,53,543,SPRINGFIELD-HOLYOKE,1.0,False,44140,Springfield MA,Metro
25015,MA,HAMPSHIRE,163931,62412,29,543,SPRINGFIELD-HOLYOKE,1.0,False,11200,Amherst Town-Northampton MA,Metro
25017,MA,MIDDLESEX,1647021,630225,109,506,BOSTON,1.0,False,14460,Boston-Cambridge-Newton MA-NH,Metro
25019,MA,NANTUCKET,14255,5478,3,506,BOSTON,1.0,False,34880,Nantucket MA,Micro
25021,MA,NORFOLK,717246,275277,45,506,BOSTON,1.0,False,14460,Boston-Cambridge-Newton MA-NH,Metro
25023,MA,PLYMOUTH,528768,196314,60,506,BOSTON,1.0,False,14460,Boston-Cambridge-Newton MA-NH,Metro
25025,MA,SUFFOLK,793161,323548,53,506,BOSTON,1.0,False,14460,Boston-Cambridge-Newton MA-NH,Metro
25027,MA,WORCESTER,860227,331479,98,506,BOSTON,1.0,False,49340,Worcester MA,Metro
26001,MI,ALCONA,9778,4622,9,583,ALPENA,1.0,False,,,
26003,MI,ALGER,8706,3594,10,553,MARQUETTE,1.0,False,,,
26005,MI,ALLEGAN,105125,39556,17,563,GRAND RAPIDS-KALAMAZOO-BATTLE CREEK,1.0,False,26090,Holland MI,Micro
26007,MI,ALPENA,29232,13142,5,583,ALPENA,1.0,False,10980,Alpena MI,Micro
26009,MI,ANTRIM,20737,9005,9,540,TRAVERSE CITY-CADILLAC,1.0,False,,,
26011,MI,ARENAC,16868,7347,7,513,FLINT-SAGINAW-BAY CITY,1.0,False,,,
26013,MI,BARAGA,7472,3008,5,553,MARQUETTE,1.0,False,,,
26015,MI,BARRY,51762,19874,9,563,GRAND RAPIDS-KALAMAZOO-BATTLE CREEK,1.0,False,24340,Grand Rapids-Wyoming-Kentwood MI,Metro
26017,MI,BAY,100609,43743,11,513,FLINT-SAGINAW-BAY CITY,1.0,False,13020,Bay City MI,Metro
26019,MI,BENZIE,15843,6938,7,540,TRAVERSE CITY-CADILLAC,1.0,False,45900,Traverse City MI,Metro
26021,MI,BERRIEN,165033,68166,25,588,SOUTH BEND-ELKHART,1.0,False,35660,Niles MI,Metro
26023,MI,BRANCH,45093,16915,6,563,GRAND RAPIDS-KALAMAZOO-BATTLE CREEK,1.0,False,17740,Coldwater MI,Micro
26025,MI,CALHOUN,134511,54396,15,563,GRAND RAPIDS-KALAMAZOO-BATTLE CREEK,1.0,False,12980,Battle Creek MI,Metro
26027,MI,CASS,42582,17154,7,588,SOUTH BEND-ELKHART,1.0,False,43780,South Bend-Mishawaka IN-MI,Metro
26029,MI,CHARLEVOIX,27087,11724,7,540,TRAVERSE CITY-CADILLAC,1.0,False,,,
26031,MI,CHEBOYGAN,22945,10159,9,540,TRAVERSE CITY-CADILLAC,1.0,False,,,
26033,MI,CHIPPEWA,37230,14005,18,540,TRAVERSE CITY-CADILLAC,1.0,False,42300,Sault Ste. Marie MI,Micro
26035,MI,CLARE,33551,14262,5,540,TRAVERSE CITY-CADILLAC,1.0,False,,,
26037,MI,CLINTON,83772,33408,11,551,LANSING,1.0,False,29620,Lansing-East Lansing MI,Metro
26039,MI,CRAWFORD,11220,4853,3,540,TRAVERSE CITY-CADILLAC,1.0,False,,,
26041,MI,DELTA,37637,16542,10,553,MARQUETTE,1.0,False,21540,Escanaba MI,Micro
26043,MI,DICKINSON,26240,11710,11,553,MARQUETTE,1.0,False,27020,Iron Mountain MI-WI,Micro
26045,MI,EATON,116590,48008,12,551,LANSING,1.0,False,29620,Lansing-East Lansing MI,Metro
26047,MI,EMMET,35336,15344,11,540,TRAVERSE CITY-CADILLAC,1.0,False,37950,Petoskey MI,Micro
26049,MI,GENESEE,425154,173946,36,513,FLINT-SAGINAW-BAY CITY,1.0,False,22420,Flint MI,Metro
26051,MI,GLADWIN,26553,11390,3,513,FLINT-SAGINAW-BAY CITY,1.0,False,,,
26053,MI,GOGEBIC,14523,6936,6,676,DULUTH-SUPERIOR,1.0,False,,,
26055,MI,GRAND TRAVERSE,102526,42905,11,540,TRAVERSE CITY-CADILLAC,1.0,False,45900,Traverse City MI,Metro
26057,MI,GRATIOT,44268,15781,15,513,FLINT-SAGINAW-BAY CITY,1.0,False,10940,Alma MI,Micro
26059,MI,HILLSDALE,42486,16738,16,551,LANSING,1.0,False,25880,Hillsdale MI,Micro
26061,MI,HOUGHTON,37888,14584,17,553,MARQUETTE,1.0,False,26340,Houghton MI,Micro
26063,MI,HURON,31763,14150,14,513,FLINT-SAGINAW-BAY CITY,1.0,False,,,
26065,MI,INGHAM,278770,112498,34,551,LANSING,1.0,False,29620,Lansing-East Lansing MI,Metro
26067,MI,IONIA,65999,22853,13,563,GRAND RAPIDS-KALAMAZOO-BATTLE CREEK,1.0,False,24340,Grand Rapids-Wyoming-Kentwood MI,Metro
26069,MI,IOSCO,25586,11884,8,513,FLINT-SAGINAW-BAY CITY,1.0,False,,,
26071,MI,IRON,11569,5490,7,553,MARQUETTE,1.0,False,,,
26073,MI,ISABELLA,61320,24022,8,513,FLINT-SAGINAW-BAY CITY,1.0,False,34380,Mount Pleasant MI,Micro
26075,MI,JACKSON,160193,62690,19,551,LANSING,1.0,False,27100,Jackson MI,Metro
26077,MI,KALAMAZOO,257927,105522,24,563,GRAND RAPIDS-KALAMAZOO-BATTLE CREEK,1.0,False,28020,Kalamazoo-Portage MI,Metro
26079,MI,KALKASKA,18084,7554,4,540,TRAVERSE CITY-CADILLAC,1.0,False,45900,Traverse City MI,Metro
26081,MI,KENT,674724,257826,48,563,GRAND RAPIDS-KALAMAZOO-BATTLE CREEK,1.0,False,24340,Grand Rapids-Wyoming-Kentwood MI,Metro
26083,MI,KEWEENAW,1822,879,4,553,MARQUETTE,1.0,False,26340,Houghton MI,Micro
26085,MI,LAKE,10431,4423,5,540,TRAVERSE CITY-CADILLAC,1.0,False,,,
26087,MI,LAPEER,84954,32928,12,505,DETROIT,0.9849,True,19820,Detroit-Warren-Dearborn MI,Metro
26089,MI,LEELANAU,16186,7098,9,540,TRAVERSE CITY-CADILLAC,1.0,False,45900,Traverse City MI,Metro
26091,MI,LENAWEE,102109,39586,19,547,TOLEDO,1.0,False,10300,Adrian MI,Micro
26093,MI,LIVINGSTON,158777,61561,12,505,DETROIT,1.0,False,19820,Detroit-Warren-Dearborn MI,Metro
26095,MI,LUCE,5390,2357,2,540,TRAVERSE CITY-CADILLAC,1.0,False,,,
26097,MI,MACKINAC,9925,4627,10,540,TRAVERSE CITY-CADILLAC,1.0,False,,,
26099,MI,MACOMB,879969,352688,42,505,DETROIT,1.0,False,19820,Detroit-Warren-Dearborn MI,Metro
26101,MI,MANISTEE,25029,10601,10,540,TRAVERSE CITY-CADILLAC,1.0,False,,,
26103,MI,MARQUETTE,66033,27663,13,553,MARQUETTE,1.0,False,32100,Marquette MI,Micro
26105,MI,MASON,28401,12069,7,540,TRAVERSE CITY-CADILLAC,1.0,False,31220,Ludington MI,Micro
26107,MI,MECOSTA,38650,15501,9,540,TRAVERSE CITY-CADILLAC,1.0,False,13660,Big Rapids MI,Micro
26109,MI,MENOMINEE,22766,10440,13,658,GREEN BAY-APPLETON,1.0,False,31940,Marinette WI-MI,Micro
26111,MI,MIDLAND,80245,33090,11,513,FLINT-SAGINAW-BAY CITY,1.0,False,33220,Midland MI,Metro
26113,MI,MISSAUKEE,13168,5251,4,540,TRAVERSE CITY-CADILLAC,1.0,False,15620,Cadillac MI,Micro
26115,MI,MONROE,162566,64504,18,505,DETROIT,1.0,False,33780,Monroe MI,Metro
26117,MI,MONTCALM,69627,25250,17,563,GRAND RAPIDS-KALAMAZOO-BATTLE CREEK,1.0,False,24340,Grand Rapids-Wyoming-Kentwood MI,Metro
26119,MI,MONTMORENCY,10549,5082,3,540,TRAVERSE CITY-CADILLAC,1.0,False,,,
26121,MI,MUSKEGON,177197,69150,15,563,GRAND RAPIDS-KALAMAZOO-BATTLE CREEK,1.0,False,34740,Muskegon-Norton Shores MI,Metro
26123,MI,NEWAYGO,43374,16867,7,563,GRAND RAPIDS-KALAMAZOO-BATTLE CREEK,1.0,False,,,
26125,MI,OAKLAND,1277660,525181,86,505,DETROIT,1.0,False,19820,Detroit-Warren-Dearborn MI,Metro
26127,MI,OCEANA,27471,10739,8,563,GRAND RAPIDS-KALAMAZOO-BATTLE CREEK,1.0,False,,,
26129,MI,OGEMAW,19199,8561,5,513,FLINT-SAGINAW-BAY CITY,1.0,False,,,
26131,MI,ONTONAGON,5807,2936,9,553,MARQUETTE,1.0,False,,,
26133,MI,OSCEOLA,26533,10641,7,540,TRAVERSE CITY-CADILLAC,1.0,False,,,
26135,MI,OSCODA,6621,2970,4,540,TRAVERSE CITY-CADILLAC,1.0,False,,,
26137,MI,OTSEGO,26917,11060,6,540,TRAVERSE CITY-CADILLAC,1.0,False,,,
26139,MI,OTTAWA,302300,109708,19,563,GRAND RAPIDS-KALAMAZOO-BATTLE CREEK,1.0,False,24340,Grand Rapids-Wyoming-Kentwood MI,Metro
26141,MI,PRESQUE ISLE,14190,6561,6,540,TRAVERSE CITY-CADILLAC,1.0,False,,,
26143,MI,ROSCOMMON,25662,12477,6,540,TRAVERSE CITY-CADILLAC,1.0,False,,,
26145,MI,SAGINAW,189503,78200,24,513,FLINT-SAGINAW-BAY CITY,1.0,False,40980,Saginaw MI,Metro
26147,MI,SAINT CLAIR,161918,66295,23,505,DETROIT,1.0,False,19820,Detroit-Warren-Dearborn MI,Metro
26149,MI,SAINT JOSEPH,61430,23835,10,563,GRAND RAPIDS-KALAMAZOO-BATTLE CREEK,1.0,False,44780,Sturgis MI,Micro
26151,MI,SANILAC,40343,16812,17,505,DETROIT,1.0,False,,,
26153,MI,SCHOOLCRAFT,8589,3954,5,553,MARQUETTE,1.0,False,,,
26155,MI,SHIAWASSEE,70032,28430,12,513,FLINT-SAGINAW-BAY CITY,1.0,False,37020,Owosso MI,Micro
26157,MI,TUSCOLA,55374,22367,14,513,FLINT-SAGINAW-BAY CITY,1.0,False,,,
26159,MI,VAN BUREN,79858,31123,15,563,GRAND RAPIDS-KALAMAZOO-BATTLE CREEK,1.0,False,,,
26161,MI,WASHTENAW,356839,142674,19,505,DETROIT,1.0,False,11460,Ann Arbor MI,Metro
26163,MI,WAYNE,1813647,716950,94,505,DETROIT,1.0,False,19820,Detroit-Warren-Dearborn MI,Metro
26165,MI,WEXFORD,35953,14405,6,540,TRAVERSE CITY-CADILLAC,1.0,False,15620,Cadillac MI,Micro
27001,MN,AITKIN,15042,6922,6,613,MINNEAPOLIS-SAINT PAUL,1.0,False,,,
27003,MN,ANOKA,345284,127777,12,613,MINNEAPOLIS-SAINT PAUL,1.0,False,33460,Minneapolis-St. Paul-Bloomington MN-WI,Metro
27005,MN,BECKER,35495,14666,14,724,FARGO-VALLEY CITY,1.0,False,19810,Detroit Lakes MN,Micro
27007,MN,BELTRAMI,46983,17915,14,613,MINNEAPOLIS-SAINT PAUL,1.0,False,13420,Bemidji MN,Micro
27009,MN,BENTON,33299,12743,5,613,MINNEAPOLIS-SAINT PAUL,1.0,False,41060,St. Cloud MN,Metro
27011,MN,BIG STONE,5432,2291,7,613,MINNEAPOLIS-SAINT PAUL,1.0,False,,,
27013,MN,BLUE EARTH,68896,27122,12,737,MANKATO,1.0,False,31860,Mankato MN,Metro
27015,MN,BROWN,27361,11571,7,737,MANKATO,1.0,False,35580,New Ulm MN,Micro
27017,MN,CARLTON,38199,14551,11,676,DULUTH-SUPERIOR,1.0,False,20260,Duluth MN-WI,Metro
27019,MN,CARVER,101984,37317,12,613,MINNEAPOLIS-SAINT PAUL,1.0,False,33460,Minneapolis-St. Paul-Bloomington MN-WI,Metro
27021,MN,CASS,25932,10856,12,613,MINNEAPOLIS-SAINT PAUL,1.0,False,14660,Brainerd MN,Micro
27023,MN,CHIPPEWA,11666,4750,5,613,MINNEAPOLIS-SAINT PAUL,1.0,False,,,
27025,MN,CHISAGO,64099,23839,11,613,MINNEAPOLIS-SAINT PAUL,1.0,False,33460,Minneapolis-St. Paul-Bloomington MN-WI,Metro
27027,MN,CLAY,65551,25021,14,724,FARGO-VALLEY CITY,1.0,False,22020,Fargo ND-MN,Metro
27029,MN,CLEARWATER,9088,3762,5,724,FARGO-VALLEY CITY,1.0,False,,,
27031,MN,COOK,5600,2711,6,676,DULUTH-SUPERIOR,1.0,False,,,
27033,MN,COTTONWOOD,11351,4613,6,613,MINNEAPOLIS-SAINT PAUL,1.0,False,,,
27035,MN,CROW WING,69647,29203,14,613,MINNEAPOLIS-SAINT PAUL,1.0,False,14660,Brainerd MN,Micro
27037,MN,DAKOTA,441471,168422,20,613,MINNEAPOLIS-SAINT PAUL,1.0,False,33460,Minneapolis-St. Paul-Bloomington MN-WI,Metro
27039,MN,DODGE,20553,7784,6,611,ROCHESTER-MASON CITY-AUSTIN,1.0,False,40340,Rochester MN,Metro
27041,MN,DOUGLAS,40400,17199,11,613,MINNEAPOLIS-SAINT PAUL,1.0,False,10820,Alexandria MN,Micro
27043,MN,FARIBAULT,14516,6322,11,613,MINNEAPOLIS-SAINT PAUL,1.0,False,,,
27045,MN,FILLMORE,23734,9588,12,611,ROCHESTER-MASON CITY-AUSTIN,1.0,False,40340,Rochester MN,Metro
27047,MN,FREEBORN,29495,12518,12,611,ROCHESTER-MASON CITY-AUSTIN,1.0,False,10660,Albert Lea MN,Micro
27049,MN,GOODHUE,48940,19937,10,613,MINNEAPOLIS-SAINT PAUL,1.0,False,39860,Red Wing MN,Micro
27051,MN,GRANT,6468,2675,7,613,MINNEAPOLIS-SAINT PAUL,1.0,False,,,
27053,MN,HENNEPIN,1285277,529547,87,613,MINNEAPOLIS-SAINT PAUL,1.0,False,33460,Minneapolis-St. Paul-Bloomington MN-WI,Metro
27055,MN,HOUSTON,19755,8384,7,702,LA CROSSE-EAU CLAIRE,1.0,False,29100,La Crosse-Onalaska WI-MN,Metro
27057,MN,HUBBARD,18853,7989,6,613,MINNEAPOLIS-SAINT PAUL,1.0,False,,,
27059,MN,ISANTI,37977,14476,6,613,MINNEAPOLIS-SAINT PAUL,1.0,False,33460,Minneapolis-St. Paul-Bloomington MN-WI,Metro
27061,MN,ITASCA,44450,18675,26,676,DULUTH-SUPERIOR,1.0,False,24330,Grand Rapids MN,Micro
27063,MN,JACKSON,9079,3913,5,613,MINNEAPOLIS-SAINT PAUL,1.0,False,,,
27065,MN,KANABEC,12948,5191,2,613,MINNEAPOLIS-SAINT PAUL,1.0,False,,,
27067,MN,KANDIYOHI,43288,16894,11,613,MINNEAPOLIS-SAINT PAUL,1.0,False,48820,Willmar MN,Micro
27069,MN,KITTSON,4246,1846,10,724,FARGO-VALLEY CITY,1.0,False,,,
27071,MN,KOOCHICHING,12405,5758,11,676,DULUTH-SUPERIOR,1.0,False,,,
27073,MN,LAC QUI PARLE,6179,2713,5,613,MINNEAPOLIS-SAINT PAUL,1.0,False,,,
27075,MN,LAKE,10592,4693,6,676,DULUTH-SUPERIOR,1.0,False,,,
27077,MN,LAKE OF THE WOODS,3648,1714,4,724,FARGO-VALLEY CITY,1.0,False,,,
27079,MN,LE SUEUR,22275,8949,7,613,MINNEAPOLIS-SAINT PAUL,1.0,False,33460,Minneapolis-St. Paul-Bloomington MN-WI,Metro
27081,MN,LINCOLN,5345,2348,5,725,SIOUX FALLS (MITCHELL),1.0,False,,,
27083,MN,LYON,26465,10689,10,613,MINNEAPOLIS-SAINT PAUL,1.0,False,32140,Marshall MN,Micro
27085,MN,MCLEOD,38009,15492,8,613,MINNEAPOLIS-SAINT PAUL,1.0,False,26780,Hutchinson MN,Micro
27087,MN,MAHNOMEN,4326,1594,4,724,FARGO-VALLEY CITY,1.0,False,,,
27089,MN,MARSHALL,9110,3852,11,724,FARGO-VALLEY CITY,1.0,False,,,
27091,MN,MARTIN,20196,8816,10,737,MANKATO,1.0,False,21860,Fairmont MN,Micro
27093,MN,MEEKER,22799,9083,7,613,MINNEAPOLIS-SAINT PAUL,1.0,False,,,
27095,MN,MILLE LACS,35571,13855,8,613,MINNEAPOLIS-SAINT PAUL,1.0,False,33460,Minneapolis-St. Paul-Bloomington MN-WI,Metro
27097,MN,MORRISON,35010,14181,13,613,MINNEAPOLIS-SAINT PAUL,1.0,False,,,
27099,MN,MOWER,40201,15790,14,611,ROCHESTER-MASON CITY-AUSTIN,1.0,False,12380,Austin MN,Micro
27101,MN,MURRAY,7743,3356,8,725,SIOUX FALLS (MITCHELL),1.0,False,,,
27103,MN,NICOLLET,33696,12418,5,737,MANKATO,1.0,False,31860,Mankato MN,Metro
27105,MN,NOBLES,22253,7846,12,725,SIOUX FALLS (MITCHELL),1.0,False,49380,Worthington MN,Micro
27107,MN,NORMAN,6277,2655,9,724,FARGO-VALLEY CITY,1.0,False,,,
27109,MN,OLMSTED,158543,63579,11,611,ROCHESTER-MASON CITY-AUSTIN,1.0,False,40340,Rochester MN,Metro
27111,MN,OTTER TAIL,56071,23604,20,724,FARGO-VALLEY CITY,1.0,False,22260,Fergus Falls MN,Micro
27113,MN,PENNINGTON,14284,6207,3,724,FARGO-VALLEY CITY,1.0,False,,,
27115,MN,PINE,30112,12007,13,613,MINNEAPOLIS-SAINT PAUL,1.0,False,,,
27117,MN,PIPESTONE,9153,3794,6,725,SIOUX FALLS (MITCHELL),1.0,False,,,
27119,MN,POLK,30847,12423,15,724,FARGO-VALLEY CITY,1.0,False,24220,Grand Forks ND-MN,Metro
27121,MN,POPE,10581,4541,5,613,MINNEAPOLIS-SAINT PAUL,1.0,False,,,
27123,MN,RAMSEY,552524,217636,26,613,MINNEAPOLIS-SAINT PAUL,1.0,False,33460,Minneapolis-St. Paul-Bloomington MN-WI,Metro
27125,MN,RED LAKE,4181,1738,4,724,FARGO-VALLEY CITY,1.0,False,,,
27127,MN,REDWOOD,15425,6417,14,613,MINNEAPOLIS-SAINT PAUL,1.0,False,,,
27129,MN,RENVILLE,15087,6199,10,613,MINNEAPOLIS-SAINT PAUL,1.0,False,,,
27131,MN,RICE,70451,24666,9,613,MINNEAPOLIS-SAINT PAUL,1.0,False,22060,Faribault-Northfield MN,Micro
27133,MN,ROCK,10377,4173,8,725,SIOUX FALLS (MITCHELL),1.0,False,43620,Sioux Falls SD-MN,Metro
27135,MN,ROSEAU,15657,6480,8,724,FARGO-VALLEY CITY,1.0,False,,,
27137,MN,SAINT LOUIS,199175,86223,52,676,DULUTH-SUPERIOR,1.0,False,20260,Duluth MN-WI,Metro
27139,MN,SCOTT,153500,53662,8,613,MINNEAPOLIS-SAINT PAUL,1.0,False,33460,Minneapolis-St. Paul-Bloomington MN-WI,Metro
27141,MN,SHERBURNE,113161,40396,7,613,MINNEAPOLIS-SAINT PAUL,1.0,False,33460,Minneapolis-St. Paul-Bloomington MN-WI,Metro
27143,MN,SIBLEY,13365,5429,7,613,MINNEAPOLIS-SAINT PAUL,1.0,False,,,
27145,MN,STEARNS,157898,60452,34,613,MINNEAPOLIS-SAINT PAUL,1.0,False,41060,St. Cloud MN,Metro
27147,MN,STEELE,37912,15004,5,613,MINNEAPOLIS-SAINT PAUL,1.0,False,36940,Owatonna MN,Micro
27149,MN,STEVENS,9876,3757,5,613,MINNEAPOLIS-SAINT PAUL,1.0,False,,,
27151,MN,SWIFT,10237,4238,7,613,MINNEAPOLIS-SAINT PAUL,1.0,False,,,
27153,MN,TODD,18374,7044,9,613,MINNEAPOLIS-SAINT PAUL,1.0,False,,,
27155,MN,TRAVERSE,3475,1517,4,613,MINNEAPOLIS-SAINT PAUL,1.0,False,,,
27157,MN,WABASHA,23728,9843,9,613,MINNEAPOLIS-SAINT PAUL,1.0,False,40340,Rochester MN,Metro
27159,MN,WADENA,22138,8845,6,613,MINNEAPOLIS-SAINT PAUL,1.0,False,,,
27161,MN,WASECA,19363,7556,4,613,MINNEAPOLIS-SAINT PAUL,1.0,False,,,
27163,MN,WASHINGTON,276185,102307,19,613,MINNEAPOLIS-SAINT PAUL,1.0,False,33460,Minneapolis-St. Paul-Bloomington MN-WI,Metro
27165,MN,WATONWAN,11252,4485,7,737,MANKATO,1.0,False,,,
27167,MN,WILKIN,6665,2811,7,724,FARGO-VALLEY CITY,1.0,False,47420,Wahpeton ND-MN,Micro
27169,MN,WINONA,48512,19659,8,702,LA CROSSE-EAU CLAIRE,1.0,False,49100,Winona MN,Micro
27171,MN,WRIGHT,134115,48284,16,613,MINNEAPOLIS-SAINT PAUL,1.0,False,33460,Minneapolis-St. Paul-Bloomington MN-WI,Metro
27173,MN,YELLOW MEDICINE,10348,4421,7,613,MINNEAPOLIS-SAINT PAUL,1.0,False,,,
28001,MS,ADAMS,29634,12738,5,718,"JACKSON, MS",1.0,False,35020,Natchez MS-LA,Micro
28003,MS,ALCORN,34581,14289,4,640,MEMPHIS,1.0,False,18420,Corinth MS,Micro
28005,MS,AMITE,11379,4970,4,716,BATON ROUGE,1.0,False,,,
28007,MS,ATTALA,18244,7190,4,718,"JACKSON, MS",1.0,False,,,
28009,MS,BENTON,5971,2482,3,640,MEMPHIS,1.0,False,32820,Memphis TN-MS-AR,Metro
28011,MS,BOLIVAR,32158,12497,16,647,GREENWOOD-GREENVILLE,1.0,False,17380,Cleveland MS,Micro
28013,MS,CALHOUN,12628,5212,7,673,COLUMBUS-TUPELO-WEST POINT,1.0,False,,,
28015,MS,CARROLL,8827,3571,6,647,GREENWOOD-GREENVILLE,1.0,False,24900,Greenwood MS,Micro
28017,MS,CHICKASAW,19066,7594,6,673,COLUMBUS-TUPELO-WEST POINT,1.0,False,,,
28019,MS,CHOCTAW,6429,2700,3,673,COLUMBUS-TUPELO-WEST POINT,1.0,False,,,
28021,MS,CLAIBORNE,7939,3252,3,718,"JACKSON, MS",1.0,False,,,
28023,MS,CLARKE,15912,6605,5,711,MERIDIAN,1.0,False,32940,Meridian MS,Micro
28025,MS,CLAY,17222,7294,3,673,COLUMBUS-TUPELO-WEST POINT,1.0,False,,,
28027,MS,COAHOMA,20756,8154,8,640,MEMPHIS,1.0,False,17260,Clarksdale MS,Micro
28029,MS,COPIAH,30643,11826,5,718,"JACKSON, MS",1.0,False,27140,Jackson MS,Metro
28031,MS,COVINGTON,19571,7800,3,710,HATTIESBURG-LAUREL,1.0,False,,,
28033,MS,DESOTO,182345,66412,9,640,MEMPHIS,1.0,False,32820,Memphis TN-MS-AR,Metro
28035,MS,FORREST,115255,45037,8,710,HATTIESBURG-LAUREL,1.0,False,25620,Hattiesburg MS,Metro
28037,MS,FRANKLIN,7397,3132,4,718,"JACKSON, MS",1.0,False,,,
28039,MS,GEORGE,28668,10500,1,746,BILOXI-GULFPORT,1.0,False,,,
28041,MS,GREENE,11074,3293,4,686,MOBILE-PENSACOLA,1.0,False,,,
28043,MS,GRENADA,21627,8980,5,647,GREENWOOD-GREENVILLE,1.0,False,24980,Grenada MS,Micro
28045,MS,HANCOCK,39629,16589,9,622,NEW ORLEANS,1.0,False,25060,Gulfport-Biloxi MS,Metro
28047,MS,HARRISON,218622,85643,16,746,BILOXI-GULFPORT,1.0,False,25060,Gulfport-Biloxi MS,Metro
28049,MS,HINDS,228902,93002,34,718,"JACKSON, MS",1.0,False,27140,Jackson MS,Metro
28051,MS,HOLMES,18943,7341,7,718,"JACKSON, MS",1.0,False,27140,Jackson MS,Metro
28053,MS,HUMPHREYS,7991,3174,5,718,"JACKSON, MS",1.0,False,,,
28055,MS,ISSAQUENA,586,176,3,718,"JACKSON, MS",1.0,False,,,
28057,MS,ITAWAMBA,25068,9465,4,673,COLUMBUS-TUPELO-WEST POINT,1.0,False,46180,Tupelo MS,Micro
28059,MS,JACKSON,130507,50714,13,746,BILOXI-GULFPORT,1.0,False,25060,Gulfport-Biloxi MS,Metro
28061,MS,JASPER,16703,6782,8,710,HATTIESBURG-LAUREL,1.0,False,29860,Laurel MS,Micro
28063,MS,JEFFERSON,8153,2790,3,718,"JACKSON, MS",1.0,False,35020,Natchez MS-LA,Micro
28065,MS,JEFFERSON DAVIS,9310,3938,3,718,"JACKSON, MS",1.0,False,,,
28067,MS,JONES,65730,24782,10,710,HATTIESBURG-LAUREL,1.0,False,29860,Laurel MS,Micro
28069,MS,KEMPER,8150,3091,4,711,MERIDIAN,1.0,False,,,
28071,MS,LAFAYETTE,52466,20933,6,640,MEMPHIS,1.0,False,37060,Oxford MS,Micro
28073,MS,LAMAR,33611,12601,3,710,HATTIESBURG-LAUREL,1.0,False,25620,Hattiesburg MS,Metro
28075,MS,LAUDERDALE,75364,30367,13,711,MERIDIAN,1.0,False,32940,Meridian MS,Micro
28077,MS,LAWRENCE,16297,6560,6,718,"JACKSON, MS",1.0,False,,,
28079,MS,LEAKE,23103,8795,5,718,"JACKSON, MS",1.0,False,,,
28081,MS,LEE,89636,36180,12,673,COLUMBUS-TUPELO-WEST POINT,1.0,False,46180,Tupelo MS,Micro
28083,MS,LEFLORE,28414,11102,7,647,GREENWOOD-GREENVILLE,1.0,False,24900,Greenwood MS,Micro
28085,MS,LINCOLN,31050,12403,5,718,"JACKSON, MS",1.0,False,15020,Brookhaven MS,Micro
28087,MS,LOWNDES,59694,24035,11,673,COLUMBUS-TUPELO-WEST POINT,1.0,False,18060,Columbus MS,Micro
28089,MS,MADISON,107886,41629,8,718,"JACKSON, MS",1.0,False,27140,Jackson MS,Metro
28091,MS,MARION,24890,9716,4,710,HATTIESBURG-LAUREL,1.0,False,,,
28093,MS,MARSHALL,38447,14393,9,640,MEMPHIS,1.0,False,32820,Memphis TN-MS-AR,Metro
28095,MS,MONROE,30841,12582,8,673,COLUMBUS-TUPELO-WEST POINT,1.0,False,,,
28097,MS,MONTGOMERY,10990,4803,4,673,COLUMBUS-TUPELO-WEST POINT,1.0,False,24980,Grenada MS,Micro
28099,MS,NESHOBA,32113,11857,2,711,MERIDIAN,1.0,False,,,
28101,MS,NEWTON,18418,7007,7,711,MERIDIAN,1.0,False,,,
28103,MS,NOXUBEE,10322,4099,3,673,COLUMBUS-TUPELO-WEST POINT,1.0,False,18060,Columbus MS,Micro
28105,MS,OKTIBBEHA,50122,20337,4,673,COLUMBUS-TUPELO-WEST POINT,1.0,False,44260,Starkville MS,Micro
28107,MS,PANOLA,36505,14105,7,640,MEMPHIS,1.0,False,,,
28109,MS,PEARL RIVER,57742,22216,5,622,NEW ORLEANS,1.0,False,38100,Picayune MS,Micro
28111,MS,PERRY,10898,4331,3,710,HATTIESBURG-LAUREL,1.0,False,25620,Hattiesburg MS,Metro
28113,MS,PIKE,41874,17034,7,718,"JACKSON, MS",1.0,False,32620,McComb MS,Micro
28115,MS,PONTOTOC,27373,10512,6,673,COLUMBUS-TUPELO-WEST POINT,1.0,False,,,
28117,MS,PRENTISS,20715,7829,4,673,COLUMBUS-TUPELO-WEST POINT,1.0,False,46180,Tupelo MS,Micro
28119,MS,QUITMAN,5232,2147,5,640,MEMPHIS,1.0,False,,,
28121,MS,RANKIN,155131,58937,15,718,"JACKSON, MS",1.0,False,27140,Jackson MS,Metro
28123,MS,SCOTT,29364,10795,8,718,"JACKSON, MS",1.0,False,27140,Jackson MS,Metro
28125,MS,SHARKEY,4371,1617,5,718,"JACKSON, MS",1.0,False,,,
28127,MS,SIMPSON,26221,10070,6,718,"JACKSON, MS",1.0,False,27140,Jackson MS,Metro
28129,MS,SMITH,11219,4559,3,718,"JACKSON, MS",1.0,False,,,
28131,MS,STONE,21810,7915,3,746,BILOXI-GULFPORT,1.0,False,25060,Gulfport-Biloxi MS,Metro
28133,MS,SUNFLOWER,24917,8060,9,647,GREENWOOD-GREENVILLE,1.0,False,,,
28135,MS,TALLAHATCHIE,11595,4071,9,647,GREENWOOD-GREENVILLE,1.0,False,,,
28137,MS,TATE,25949,9410,4,640,MEMPHIS,1.0,False,32820,Memphis TN-MS-AR,Metro
28139,MS,TIPPAH,23801,9536,6,640,MEMPHIS,1.0,False,,,
28141,MS,TISHOMINGO,21435,9024,6,673,COLUMBUS-TUPELO-WEST POINT,1.0,False,,,
28143,MS,TUNICA,10766,4276,4,640,MEMPHIS,1.0,False,32820,Memphis TN-MS-AR,Metro
28145,MS,UNION,26656,10317,4,673,COLUMBUS-TUPELO-WEST POINT,1.0,False,,,
28147,MS,WALTHALL,11693,4746,1,718,"JACKSON, MS",1.0,False,32620,McComb MS,Micro
28149,MS,WARREN,44722,18480,5,718,"JACKSON, MS",1.0,False,46980,Vicksburg MS,Micro
28151,MS,WASHINGTON,45186,18073,14,647,GREENWOOD-GREENVILLE,1.0,False,24740,Greenville MS,Micro
28153,MS,WAYNE,16010,6507,3,710,HATTIESBURG-LAUREL,1.0,False,,,
28155,MS,WEBSTER,12800,5224,6,673,COLUMBUS-TUPELO-WEST POINT,1.0,False,44260,Starkville MS,Micro
28157,MS,WILKINSON,8564,3265,2,716,BATON ROUGE,1.0,False,,,
28159,MS,WINSTON,16444,6690,2,673,COLUMBUS-TUPELO-WEST POINT,1.0,False,,,
28161,MS,YALOBUSHA,16268,7008,5,673,COLUMBUS-TUPELO-WEST POINT,1.0,False,37060,Oxford MS,Micro
28163,MS,YAZOO,26645,8999,7,718,"JACKSON, MS",1.0,False,27140,Jackson MS,Metro
29001,MO,ADAIR,25246,9867,5,631,OTTUMWA-KIRKSVILLE,1.0,False,28860,Kirksville MO,Micro
29003,MO,ANDREW,12521,4882,8,638,SAINT JOSEPH,1.0,False,41140,St. Joseph MO-KS,Metro
29005,MO,ATCHISON,5279,2312,5,652,OMAHA,1.0,False,,,
29007,MO,AUDRAIN,23080,8960,8,604,COLUMBIA-JEFFERSON CITY,1.0,False,33020,Mexico MO,Micro
29009,MO,BARRY,37883,15039,11,619,"SPRINGFIELD, MO",1.0,False,,,
29011,MO,BARTON,11963,4813,6,603,JOPLIN-PITTSBURG,1.0,False,,,
29013,MO,BATES,17473,6996,9,616,KANSAS CITY,1.0,False,28140,Kansas City MO-KS,Metro
29015,MO,BENTON,19027,8446,5,619,"SPRINGFIELD, MO",1.0,False,,,
29017,MO,BOLLINGER,9723,3784,8,632,PADUCAH-CAPE GIRARDEAU-HARRISBURG,1.0,False,16020,Cape Girardeau MO-IL,Metro
29019,MO,BOONE,185661,74197,18,604,COLUMBIA-JEFFERSON CITY,1.0,False,17860,Columbia MO,Metro
29021,MO,BUCHANAN,88939,35470,13,638,SAINT JOSEPH,1.0,False,41140,St. Joseph MO-KS,Metro
29023,MO,BUTLER,40516,16431,8,632,PADUCAH-CAPE GIRARDEAU-HARRISBURG,1.0,False,38740,Poplar Bluff MO,Micro
29025,MO,CALDWELL,9201,3653,7,616,KANSAS CITY,1.0,False,28140,Kansas City MO-KS,Metro
29027,MO,CALLAWAY,43234,16188,10,604,COLUMBIA-JEFFERSON CITY,1.0,False,27620,Jefferson City MO,Metro
29029,MO,CAMDEN,42428,18513,9,619,"SPRINGFIELD, MO",1.0,False,,,
29031,MO,CAPE GIRARDEAU,81257,32367,16,632,PADUCAH-CAPE GIRARDEAU-HARRISBURG,1.0,False,16020,Cape Girardeau MO-IL,Metro
29033,MO,CARROLL,8702,3647,8,616,KANSAS CITY,1.0,False,,,
29035,MO,CARTER,5874,2477,4,632,PADUCAH-CAPE GIRARDEAU-HARRISBURG,1.0,False,,,
29037,MO,CASS,101919,38618,11,616,KANSAS CITY,1.0,False,28140,Kansas City MO-KS,Metro
29039,MO,CEDAR,13856,5544,4,619,"SPRINGFIELD, MO",1.0,False,,,
29041,MO,CHARITON,6446,2669,8,604,COLUMBIA-JEFFERSON CITY,1.0,False,,,
29043,MO,CHRISTIAN,89644,33675,12,619,"SPRINGFIELD, MO",1.0,False,44180,Springfield MO,Metro
29045,MO,CLARK,6067,2511,7,717,QUINCY-HANNIBAL-KEOKUK,1.0,False,,,
29047,MO,CLAY,259778,102689,23,616,KANSAS CITY,1.0,False,28140,Kansas City MO-KS,Metro
29049,MO,CLINTON,24582,8949,6,616,KANSAS CITY,1.0,False,28140,Kansas City MO-KS,Metro
29051,MO,COLE,79938,31489,17,604,COLUMBIA-JEFFERSON CITY,1.0,False,27620,Jefferson City MO,Metro
29053,MO,COOPER,16896,6533,7,604,COLUMBIA-JEFFERSON CITY,1.0,False,17860,Columbia MO,Metro
29055,MO,CRAWFORD,20700,8416,8,609,SAINT LOUIS,1.0,False,,,
29057,MO,DADE,7342,3062,6,619,"SPRINGFIELD, MO",1.0,False,,,
29059,MO,DALLAS,17334,6720,7,619,"SPRINGFIELD, MO",1.0,False,44180,Springfield MO,Metro
29061,MO,DAVIESS,8034,3104,8,616,KANSAS CITY,1.0,False,,,
29063,MO,DEKALB,7556,3042,7,638,SAINT JOSEPH,1.0,False,41140,St. Joseph MO-KS,Metro
29065,MO,DENT,14244,5921,5,619,"SPRINGFIELD, MO",1.0,False,,,
29067,MO,DOUGLAS,9574,3785,4,619,"SPRINGFIELD, MO",1.0,False,,,
29069,MO,DUNKLIN,28328,11573,12,632,PADUCAH-CAPE GIRARDEAU-HARRISBURG,1.0,False,28380,Kennett MO,Micro
29071,MO,FRANKLIN,114075,44659,20,609,SAINT LOUIS,1.0,False,41180,St. Louis MO-IL,Metro
29073,MO,GASCONADE,16037,6604,7,609,SAINT LOUIS,1.0,False,,,
29075,MO,GENTRY,6433,2561,6,616,KANSAS CITY,1.0,False,,,
29077,MO,GREENE,299545,126262,26,619,"SPRINGFIELD, MO",1.0,False,44180,Springfield MO,Metro
29079,MO,GRUNDY,9628,3958,4,616,KANSAS CITY,1.0,False,,,
29081,MO,HARRISON,8398,3505,9,616,KANSAS CITY,1.0,False,,,
29083,MO,HENRY,24611,10275,8,616,KANSAS CITY,1.0,False,,,
29085,MO,HICKORY,7042,3225,7,619,"SPRINGFIELD, MO",1.0,False,,,
29087,MO,HOLT,4199,1787,5,616,KANSAS CITY,1.0,False,,,
29089,MO,HOWARD,9351,3567,5,604,COLUMBIA-JEFFERSON CITY,1.0,False,17860,Columbia MO,Metro
29091,MO,HOWELL,41622,16838,9,619,"SPRINGFIELD, MO",1.0,False,48460,West Plains MO,Micro
29093,MO,IRON,10131,4204,10,609,SAINT LOUIS,1.0,False,,,
29095,MO,JACKSON,722102,299359,74,616,KANSAS CITY,1.0,False,28140,Kansas City MO-KS,Metro
29097,MO,JASPER,139759,54916,17,603,JOPLIN-PITTSBURG,1.0,False,27900,Joplin MO-KS,Metro
29099,MO,JEFFERSON,200353,76459,19,609,SAINT LOUIS,1.0,False,41180,St. Louis MO-IL,Metro
29101,MO,JOHNSON,52046,19605,8,616,KANSAS CITY,1.0,False,47660,Warrensburg MO,Micro
29103,MO,KNOX,3695,1489,6,717,QUINCY-HANNIBAL-KEOKUK,1.0,False,,,
29105,MO,LACLEDE,37876,15038,7,619,"SPRINGFIELD, MO",1.0,False,30060,Lebanon MO,Micro
29107,MO,LAFAYETTE,34009,13285,13,616,KANSAS CITY,1.0,False,28140,Kansas City MO-KS,Metro
29109,MO,LAWRENCE,35629,13743,11,619,"SPRINGFIELD, MO",1.0,False,,,
29111,MO,LEWIS,10414,3940,8,717,QUINCY-HANNIBAL-KEOKUK,1.0,False,39500,Quincy IL-MO,Micro
29113,MO,LINCOLN,57330,21009,10,609,SAINT LOUIS,1.0,False,41180,St. Louis MO-IL,Metro
29115,MO,LINN,12838,5446,9,616,KANSAS CITY,1.0,False,,,
29117,MO,LIVINGSTON,14308,5465,7,616,KANSAS CITY,1.0,False,,,
29119,MO,MCDONALD,21777,7913,9,603,JOPLIN-PITTSBURG,1.0,False,,,
29121,MO,MACON,15432,6393,10,631,OTTUMWA-KIRKSVILLE,1.0,False,,,
29123,MO,MADISON,13233,5257,2,632,PADUCAH-CAPE GIRARDEAU-HARRISBURG,1.0,False,,,
29125,MO,MARIES,6141,2601,4,604,COLUMBIA-JEFFERSON CITY,1.0,False,,,
29127,MO,MARION,29911,12040,5,717,QUINCY-HANNIBAL-KEOKUK,1.0,False,25300,Hannibal MO,Micro
29129,MO,MERCER,3161,1297,2,616,KANSAS CITY,1.0,False,,,
29131,MO,MILLER,20247,7960,8,604,COLUMBIA-JEFFERSON CITY,1.0,False,,,
29133,MO,MISSISSIPPI,13038,4890,6,632,PADUCAH-CAPE GIRARDEAU-HARRISBURG,1.0,False,43460,Sikeston MO,Micro
29135,MO,MONITEAU,14159,5135,7,604,COLUMBIA-JEFFERSON CITY,1.0,False,27620,Jefferson City MO,Metro
29137,MO,MONROE,9598,3961,6,717,QUINCY-HANNIBAL-KEOKUK,1.0,False,,,
29139,MO,MONTGOMERY,12416,5064,8,604,COLUMBIA-JEFFERSON CITY,1.0,False,,,
29141,MO,MORGAN,21853,8893,9,604,COLUMBIA-JEFFERSON CITY,1.0,False,,,
29143,MO,NEW MADRID,13816,5835,13,632,PADUCAH-CAPE GIRARDEAU-HARRISBURG,1.0,False,,,
29145,MO,NEWTON,41125,15445,10,603,JOPLIN-PITTSBURG,1.0,False,27900,Joplin MO-KS,Metro
29147,MO,NODAWAY,21166,8374,15,616,KANSAS CITY,1.0,False,32340,Maryville MO,Micro
29149,MO,OREGON,8224,3472,5,619,"SPRINGFIELD, MO",1.0,False,,,
29151,MO,OSAGE,12284,4945,9,604,COLUMBIA-JEFFERSON CITY,1.0,False,27620,Jefferson City MO,Metro
29153,MO,OZARK,8126,3613,15,619,"SPRINGFIELD, MO",1.0,False,,,
29155,MO,PEMISCOT,15284,6318,10,640,MEMPHIS,1.0,False,,,
29157,MO,PERRY,17670,7081,6,632,PADUCAH-CAPE GIRARDEAU-HARRISBURG,1.0,False,,,
29159,MO,PETTIS,42429,16376,8,616,KANSAS CITY,1.0,False,42740,Sedalia MO,Micro
29161,MO,PHELPS,46106,18433,9,609,SAINT LOUIS,1.0,False,40620,Rolla MO,Micro
29163,MO,PIKE,17438,6426,8,609,SAINT LOUIS,1.0,False,,,
29165,MO,PLATTE,105160,41922,17,616,KANSAS CITY,1.0,False,28140,Kansas City MO-KS,Metro
29167,MO,POLK,31273,11824,11,619,"SPRINGFIELD, MO",1.0,False,44180,Springfield MO,Metro
29169,MO,PULASKI,57484,18236,8,619,"SPRINGFIELD, MO",1.0,False,22780,Fort Leonard Wood MO,Micro
29171,MO,PUTNAM,4590,1981,5,631,OTTUMWA-KIRKSVILLE,1.0,False,,,
29173,MO,RALLS,6959,2763,4,717,QUINCY-HANNIBAL-KEOKUK,1.0,False,25300,Hannibal MO,Micro
29175,MO,RANDOLPH,26765,10024,8,604,COLUMBIA-JEFFERSON CITY,1.0,False,33620,Moberly MO,Micro
29177,MO,RAY,20008,7806,7,616,KANSAS CITY,1.0,False,28140,Kansas City MO-KS,Metro
29179,MO,REYNOLDS,5734,2277,7,609,SAINT LOUIS,1.0,False,,,
29181,MO,RIPLEY,10607,4360,6,632,PADUCAH-CAPE GIRARDEAU-HARRISBURG,1.0,False,,,
29183,MO,SAINT CHARLES,407225,155619,17,609,SAINT LOUIS,1.0,False,41180,St. Louis MO-IL,Metro
29185,MO,SAINT CLAIR,8098,3441,5,619,"SPRINGFIELD, MO",1.0,False,,,
29186,MO,SAINTE GENEVIEVE,16707,6448,3,609,SAINT LOUIS,1.0,False,,,
29187,MO,SAINT FRANCOIS,69877,25867,10,609,SAINT LOUIS,1.0,False,22100,Farmington MO,Micro
29189,MO,SAINT LOUIS,1034565,424495,52,609,SAINT LOUIS,1.0,False,41180,St. Louis MO-IL,Metro
29195,MO,SALINE,23497,8531,9,616,KANSAS CITY,1.0,False,32180,Marshall MO,Micro
29197,MO,SCHUYLER,3589,1430,5,631,OTTUMWA-KIRKSVILLE,1.0,False,28860,Kirksville MO,Micro
29199,MO,SCOTLAND,4611,1745,5,631,OTTUMWA-KIRKSVILLE,1.0,False,,,
29201,MO,SCOTT,41729,16841,11,632,PADUCAH-CAPE GIRARDEAU-HARRISBURG,1.0,False,43460,Sikeston MO,Micro
29203,MO,SHANNON,6037,2549,4,619,"SPRINGFIELD, MO",1.0,False,,,
29205,MO,SHELBY,6698,2741,8,717,QUINCY-HANNIBAL-KEOKUK,1.0,False,,,
29207,MO,STODDARD,28979,12048,10,632,PADUCAH-CAPE GIRARDEAU-HARRISBURG,1.0,False,,,
29209,MO,STONE,27201,11618,9,619,"SPRINGFIELD, MO",1.0,False,,,
29211,MO,SULLIVAN,6290,2622,8,631,OTTUMWA-KIRKSVILLE,1.0,False,,,
29213,MO,TANEY,56738,22932,18,619,"SPRINGFIELD, MO",1.0,False,14700,Branson MO,Micro
29215,MO,TEXAS,23218,8875,15,619,"SPRINGFIELD, MO",1.0,False,,,
29217,MO,VERNON,18872,7447,11,603,JOPLIN-PITTSBURG,1.0,False,,,
29219,MO,WARREN,34521,13098,7,609,SAINT LOUIS,1.0,False,41180,St. Louis MO-IL,Metro
29221,MO,WASHINGTON,20450,7674,8,609,SAINT LOUIS,1.0,False,,,
29223,MO,WAYNE,12586,5467,12,632,PADUCAH-CAPE GIRARDEAU-HARRISBURG,1.0,False,,,
29225,MO,WEBSTER,43888,15828,6,619,"SPRINGFIELD, MO",1.0,False,44180,Springfield MO,Metro
29227,MO,WORTH,2087,922,5,616,KANSAS CITY,1.0,False,,,
29229,MO,WRIGHT,20627,8214,7,619,"SPRINGFIELD, MO",1.0,False,,,
29510,MO,SAINT LOUIS CITY,292197,140387,37,609,SAINT LOUIS,1.0,False,41180,St. Louis MO-IL,Metro
30001,MT,BEAVERHEAD,9465,4133,8,754,BUTTE-BOZEMAN,1.0,False,,,
30003,MT,BIG HORN,12235,3678,10,756,BILLINGS,1.0,False,,,
30005,MT,BLAINE,6606,2353,7,755,GREAT FALLS,1.0,False,,,
30007,MT,BROADWATER,5237,2250,4,766,HELENA,1.0,False,25740,Helena MT,Metro
30009,MT,CARBON,10071,4537,10,756,BILLINGS,1.0,False,13740,Billings MT,Metro
30011,MT,CARTER,1331,566,5,764,RAPID CITY,1.0,False,,,
30013,MT,CASCADE,84388,35105,18,755,GREAT FALLS,1.0,False,24500,Great Falls MT,Metro
30015,MT,CHOUTEAU,4511,1947,7,755,GREAT FALLS,1.0,False,,,
30017,MT,CUSTER,12116,5099,4,756,BILLINGS,1.0,False,,,
30019,MT,DANIELS,1652,722,4,687,MINOT-BISMARCK-DICKINSON,1.0,False,,,
30021,MT,DAWSON,8918,3662,4,798,GLENDIVE,1.0,False,,,
30023,MT,DEER LODGE,9580,4362,2,754,BUTTE-BOZEMAN,1.0,False,,,
30025,MT,FALLON,3003,1201,3,687,MINOT-BISMARCK-DICKINSON,1.0,False,,,
30027,MT,FERGUS,11539,5040,10,755,GREAT FALLS,1.0,False,,,
30029,MT,FLATHEAD,107243,43756,18,762,MISSOULA,1.0,False,28060,Kalispell MT,Micro
30031,MT,GALLATIN,120661,47837,13,754,BUTTE-BOZEMAN,1.0,False,14580,Bozeman MT,Metro
30033,MT,GARFIELD,1108,481,5,756,BILLINGS,1.0,False,,,
30035,MT,GLACIER,13790,4560,4,755,GREAT FALLS,1.0,False,,,
30037,MT,GOLDEN VALLEY,980,452,2,756,BILLINGS,1.0,False,,,
30039,MT,GRANITE,2843,1252,3,762,MISSOULA,1.0,False,,,
30041,MT,HILL,17762,6507,7,755,GREAT FALLS,1.0,False,,,
30043,MT,JEFFERSON,12308,4991,6,754,BUTTE-BOZEMAN,1.0,False,25740,Helena MT,Metro
30045,MT,JUDITH BASIN,1879,877,5,755,GREAT FALLS,1.0,False,,,
30047,MT,LAKE,28832,11428,12,762,MISSOULA,1.0,False,,,
30049,MT,LEWIS AND CLARK,71403,30327,15,766,HELENA,1.0,False,25740,Helena MT,Metro
30051,MT,LIBERTY,1714,706,4,755,GREAT FALLS,1.0,False,,,
30053,MT,LINCOLN,19677,8886,7,881,SPOKANE,1.0,False,,,
30055,MT,MCCONE,1474,636,3,687,MINOT-BISMARCK-DICKINSON,1.0,False,,,
30057,MT,MADISON,7465,3472,11,754,BUTTE-BOZEMAN,1.0,False,,,
30059,MT,MEAGHER,2037,860,3,756,BILLINGS,1.0,False,,,
30061,MT,MINERAL,5322,2343,6,762,MISSOULA,1.0,False,33540,Missoula MT,Metro
30063,MT,MISSOULA,115728,49832,16,762,MISSOULA,1.0,False,33540,Missoula MT,Metro
30065,MT,MUSSELSHELL,4636,1997,4,756,BILLINGS,1.0,False,,,
30067,MT,PARK,17154,7919,9,756,BILLINGS,1.0,False,,,
30069,MT,PETROLEUM,396,200,2,756,BILLINGS,1.0,False,,,
30071,MT,PHILLIPS,4583,1874,6,755,GREAT FALLS,1.0,False,,,
30073,MT,PONDERA,6339,2383,6,755,GREAT FALLS,1.0,False,,,
30075,MT,POWDER RIVER,1375,624,5,756,BILLINGS,1.0,False,,,
30077,MT,POWELL,7099,2437,7,754,BUTTE-BOZEMAN,1.0,False,,,
30079,MT,PRAIRIE,1095,503,3,798,GLENDIVE,1.0,False,,,
30081,MT,RAVALLI,45343,19212,10,762,MISSOULA,1.0,False,,,
30083,MT,RICHLAND,11809,4978,5,687,MINOT-BISMARCK-DICKINSON,1.0,False,,,
30085,MT,ROOSEVELT,11345,3827,6,687,MINOT-BISMARCK-DICKINSON,1.0,False,,,
30087,MT,ROSEBUD,9153,3376,11,756,BILLINGS,1.0,False,,,
30089,MT,SANDERS,12403,5535,9,762,MISSOULA,1.0,False,,,
30091,MT,SHERIDAN,3610,1658,10,687,MINOT-BISMARCK-DICKINSON,1.0,False,,,
30093,MT,SILVER BOW,35047,15448,8,754,BUTTE-BOZEMAN,1.0,False,15580,Butte-Silver Bow MT,Micro
30095,MT,STILLWATER,9042,3826,7,756,BILLINGS,1.0,False,13740,Billings MT,Metro
30097,MT,SWEET GRASS,3524,1565,4,756,BILLINGS,1.0,False,,,
30099,MT,TETON,6280,2453,6,755,GREAT FALLS,1.0,False,,,
30101,MT,TOOLE,4902,1698,7,755,GREAT FALLS,1.0,False,,,
30103,MT,TREASURE,860,388,3,756,BILLINGS,1.0,False,,,
30105,MT,VALLEY,7497,3227,11,755,GREAT FALLS,1.0,False,,,
30107,MT,WHEATLAND,2066,846,4,756,BILLINGS,1.0,False,,,
30109,MT,WIBAUX,949,404,1,687,MINOT-BISMARCK-DICKINSON,1.0,False,,,
30111,MT,YELLOWSTONE,165353,67817,24,756,BILLINGS,1.0,False,13740,Billings MT,Metro
31001,NE,ADAMS,30780,12501,7,722,LINCOLN-HASTINGS-KEARNEY PLUS,1.0,False,25580,Hastings NE,Micro
31003,NE,ANTELOPE,5601,2367,7,722,LINCOLN-HASTINGS-KEARNEY PLUS,1.0,False,,,
31005,NE,ARTHUR,315,140,1,751,DENVER,1.0,False,,,
31007,NE,BANNER,433,181,1,751,DENVER,1.0,False,42420,Scottsbluff NE,Micro
31009,NE,BLAINE,403,195,3,722,LINCOLN-HASTINGS-KEARNEY PLUS,1.0,False,,,
31011,NE,BOONE,5750,2412,6,722,LINCOLN-HASTINGS-KEARNEY PLUS,1.0,False,,,
31013,NE,BOX BUTTE,11062,4672,2,751,DENVER,1.0,False,,,
31015,NE,BOYD,1945,890,5,722,LINCOLN-HASTINGS-KEARNEY PLUS,1.0,False,,,
31017,NE,BROWN,2965,1368,3,722,LINCOLN-HASTINGS-KEARNEY PLUS,1.0,False,,,
31019,NE,BUFFALO,51376,20110,13,722,LINCOLN-HASTINGS-KEARNEY PLUS,1.0,False,28260,Kearney NE,Micro
31021,NE,BURT,6802,2846,5,652,OMAHA,1.0,False,,,
31023,NE,BUTLER,8021,3272,10,722,LINCOLN-HASTINGS-KEARNEY PLUS,1.0,False,,,
31025,NE,CASS,26555,10276,15,652,OMAHA,1.0,False,36540,Omaha NE-IA,Metro
31027,NE,CEDAR,8167,3296,9,624,SIOUX CITY,1.0,False,,,
31029,NE,CHASE,4017,1644,4,722,LINCOLN-HASTINGS-KEARNEY PLUS,1.0,False,,,
31031,NE,CHERRY,5677,2422,9,751,DENVER,0.9972,True,,,
31033,NE,CHEYENNE,9628,4238,6,751,DENVER,1.0,False,,,
31035,NE,CLAY,6687,2768,11,722,LINCOLN-HASTINGS-KEARNEY PLUS,1.0,False,25580,Hastings NE,Micro
31037,NE,COLFAX,10932,3730,5,652,OMAHA,1.0,False,18100,Columbus NE,Micro
31039,NE,CUMING,8451,3478,4,652,OMAHA,1.0,False,,,
31041,NE,CUSTER,10531,4541,11,722,LINCOLN-HASTINGS-KEARNEY PLUS,1.0,False,,,
31043,NE,DAKOTA,22212,7652,6,624,SIOUX CITY,1.0,False,43580,Sioux City IA-NE-SD,Metro
31045,NE,DAWES,8201,3355,4,751,DENVER,1.0,False,,,
31047,NE,DAWSON,24138,8839,8,722,LINCOLN-HASTINGS-KEARNEY PLUS,1.0,False,30420,Lexington NE,Micro
31049,NE,DEUEL,1942,860,2,751,DENVER,1.0,False,,,
31051,NE,DIXON,5861,2246,8,624,SIOUX CITY,1.0,False,,,
31053,NE,DODGE,39127,15590,11,652,OMAHA,1.0,False,23340,Fremont NE,Micro
31055,NE,DOUGLAS,585519,229836,48,652,OMAHA,1.0,False,36540,Omaha NE-IA,Metro
31057,NE,DUNDY,1597,740,4,678,WICHITA-HUTCHINSON PLUS,1.0,False,,,
31059,NE,FILLMORE,5539,2380,8,722,LINCOLN-HASTINGS-KEARNEY PLUS,1.0,False,,,
31061,NE,FRANKLIN,2962,1324,7,722,LINCOLN-HASTINGS-KEARNEY PLUS,1.0,False,,,
31063,NE,FRONTIER,2399,975,5,722,LINCOLN-HASTINGS-KEARNEY PLUS,1.0,False,,,
31065,NE,FURNAS,5305,2330,8,722,LINCOLN-HASTINGS-KEARNEY PLUS,1.0,False,,,
31067,NE,GAGE,21301,9137,12,722,LINCOLN-HASTINGS-KEARNEY PLUS,1.0,False,13100,Beatrice NE,Micro
31069,NE,GARDEN,2014,947,3,751,DENVER,1.0,False,,,
31071,NE,GARFIELD,2190,939,1,722,LINCOLN-HASTINGS-KEARNEY PLUS,1.0,False,,,
31073,NE,GOSPER,1856,833,2,722,LINCOLN-HASTINGS-KEARNEY PLUS,1.0,False,30420,Lexington NE,Micro
31075,NE,GRANT,871,368,3,751,DENVER,1.0,False,,,
31077,NE,GREELEY,2362,1010,4,722,LINCOLN-HASTINGS-KEARNEY PLUS,1.0,False,,,
31079,NE,HALL,63561,24114,7,722,LINCOLN-HASTINGS-KEARNEY PLUS,1.0,False,24260,Grand Island NE,Metro
31081,NE,HAMILTON,9211,3616,6,722,LINCOLN-HASTINGS-KEARNEY PLUS,1.0,False,,,
31083,NE,HARLAN,2607,1162,5,722,LINCOLN-HASTINGS-KEARNEY PLUS,1.0,False,,,
31085,NE,HAYES,436,180,1,722,LINCOLN-HASTINGS-KEARNEY PLUS,1.0,False,,,
31087,NE,HITCHCOCK,2841,1218,4,722,LINCOLN-HASTINGS-KEARNEY PLUS,1.0,False,,,
31089,NE,HOLT,10157,4258,9,722,LINCOLN-HASTINGS-KEARNEY PLUS,1.0,False,,,
31091,NE,HOOKER,880,385,1,751,DENVER,1.0,False,,,
31093,NE,HOWARD,6348,2567,6,722,LINCOLN-HASTINGS-KEARNEY PLUS,1.0,False,24260,Grand Island NE,Metro
31095,NE,JEFFERSON,7139,3135,7,722,LINCOLN-HASTINGS-KEARNEY PLUS,1.0,False,,,
31097,NE,JOHNSON,5302,1817,5,652,OMAHA,1.0,False,,,
31099,NE,KEARNEY,6056,2433,4,722,LINCOLN-HASTINGS-KEARNEY PLUS,1.0,False,28260,Kearney NE,Micro
31101,NE,KEITH,8138,3572,5,751,DENVER,1.0,False,,,
31103,NE,KEYA PAHA,884,409,3,722,LINCOLN-HASTINGS-KEARNEY PLUS,1.0,False,,,
31105,NE,KIMBALL,3465,1514,3,751,DENVER,1.0,False,,,
31107,NE,KNOX,8942,3652,8,624,SIOUX CITY,1.0,False,,,
31109,NE,LANCASTER,321800,127593,43,722,LINCOLN-HASTINGS-KEARNEY PLUS,1.0,False,30700,Lincoln NE,Metro
31111,NE,LINCOLN,34403,14610,9,740,NORTH PLATTE,1.0,False,35820,North Platte NE,Micro
31113,NE,LOGAN,853,329,1,740,NORTH PLATTE,1.0,False,35820,North Platte NE,Micro
31115,NE,LOUP,284,131,1,722,LINCOLN-HASTINGS-KEARNEY PLUS,1.0,False,,,
31117,NE,MCPHERSON,292,135,1,740,NORTH PLATTE,1.0,False,,,
31119,NE,MADISON,39207,15442,7,624,SIOUX CITY,1.0,False,35740,Norfolk NE,Micro
31121,NE,MERRICK,7354,2923,6,722,LINCOLN-HASTINGS-KEARNEY PLUS,1.0,False,24260,Grand Island NE,Metro
31123,NE,MORRILL,4680,1949,4,764,RAPID CITY,1.0,False,,,
31125,NE,NANCE,3029,1259,2,722,LINCOLN-HASTINGS-KEARNEY PLUS,1.0,False,,,
31127,NE,NEMAHA,7010,2779,7,652,OMAHA,1.0,False,,,
31129,NE,NUCKOLLS,4004,1841,6,722,LINCOLN-HASTINGS-KEARNEY PLUS,1.0,False,,,
31131,NE,OTOE,15109,6045,10,652,OMAHA,1.0,False,,,
31133,NE,PAWNEE,2507,1087,6,722,LINCOLN-HASTINGS-KEARNEY PLUS,1.0,False,,,
31135,NE,PERKINS,2758,1122,4,722,LINCOLN-HASTINGS-KEARNEY PLUS,1.0,False,,,
31137,NE,PHELPS,8795,3645,5,722,LINCOLN-HASTINGS-KEARNEY PLUS,1.0,False,,,
31139,NE,PIERCE,6648,2604,5,624,SIOUX CITY,1.0,False,35740,Norfolk NE,Micro
31141,NE,PLATTE,34998,13653,8,652,OMAHA,1.0,False,18100,Columbus NE,Micro
31143,NE,POLK,4666,1883,4,722,LINCOLN-HASTINGS-KEARNEY PLUS,1.0,False,,,
31145,NE,RED WILLOW,10804,4573,5,722,LINCOLN-HASTINGS-KEARNEY PLUS,1.0,False,,,
31147,NE,RICHARDSON,7969,3509,8,652,OMAHA,1.0,False,,,
31149,NE,ROCK,1065,488,1,722,LINCOLN-HASTINGS-KEARNEY PLUS,1.0,False,,,
31151,NE,SALINE,15292,5616,8,722,LINCOLN-HASTINGS-KEARNEY PLUS,1.0,False,,,
31153,NE,SARPY,190978,70267,13,652,OMAHA,1.0,False,36540,Omaha NE-IA,Metro
31155,NE,SAUNDERS,21932,8516,14,652,OMAHA,1.0,False,36540,Omaha NE-IA,Metro
31157,NE,SCOTTS BLUFF,36392,14812,9,759,CHEYENNE-SCOTTSBLUFF,1.0,False,42420,Scottsbluff NE,Micro
31159,NE,SEWARD,17242,6429,10,722,LINCOLN-HASTINGS-KEARNEY PLUS,1.0,False,30700,Lincoln NE,Metro
31161,NE,SHERIDAN,5299,2218,7,751,DENVER,1.0,False,,,
31163,NE,SHERMAN,2825,1260,5,722,LINCOLN-HASTINGS-KEARNEY PLUS,1.0,False,,,
31165,NE,SIOUX,546,259,1,759,CHEYENNE-SCOTTSBLUFF,1.0,False,,,
31167,NE,STANTON,2910,1158,2,624,SIOUX CITY,1.0,False,35740,Norfolk NE,Micro
31169,NE,THAYER,5227,2242,12,722,LINCOLN-HASTINGS-KEARNEY PLUS,1.0,False,,,
31171,NE,THOMAS,803,359,3,740,NORTH PLATTE,1.0,False,,,
31173,NE,THURSTON,6719,2047,6,624,SIOUX CITY,1.0,False,,,
31175,NE,VALLEY,4025,1792,4,722,LINCOLN-HASTINGS-KEARNEY PLUS,1.0,False,,,
31177,NE,WASHINGTON,19446,7574,6,652,OMAHA,1.0,False,36540,Omaha NE-IA,Metro
31179,NE,WAYNE,8882,3251,4,624,SIOUX CITY,1.0,False,,,
31181,NE,WEBSTER,3433,1483,5,722,LINCOLN-HASTINGS-KEARNEY PLUS,1.0,False,25580,Hastings NE,Micro
31183,NE,WHEELER,584,289,2,722,LINCOLN-HASTINGS-KEARNEY PLUS,1.0,False,,,
31185,NE,YORK,14237,5672,7,722,LINCOLN-HASTINGS-KEARNEY PLUS,1.0,False,,,
32001,NV,CHURCHILL,25361,9975,3,811,RENO,1.0,False,21980,Fallon NV,Micro
32003,NV,CLARK,2265314,845896,117,839,LAS VEGAS,1.0,False,29820,Las Vegas-Henderson-North Las Vegas NV,Metro
32005,NV,DOUGLAS,47881,20659,8,811,RENO,1.0,False,23820,Gardnerville Ranchos NV-CA,Micro
32007,NV,ELKO,53700,19702,15,770,SALT LAKE CITY,1.0,False,21220,Elko NV,Micro
32009,NV,ESMERALDA,715,359,3,811,RENO,1.0,False,,,
32011,NV,EUREKA,1785,788,2,770,SALT LAKE CITY,1.0,False,21220,Elko NV,Micro
32013,NV,HUMBOLDT,18380,7015,8,811,RENO,1.0,False,49080,Winnemucca NV,Micro
32015,NV,LANDER,5784,2315,2,811,RENO,1.0,False,,,
32017,NV,LINCOLN,4493,1715,5,839,LAS VEGAS,1.0,False,,,
32019,NV,LYON,60029,23131,7,811,RENO,1.0,False,39900,Reno NV,Metro
32021,NV,MINERAL,4528,2092,4,811,RENO,1.0,False,,,
32023,NV,NYE,51375,21679,11,839,LAS VEGAS,1.0,False,37220,Pahrump NV,Micro
32027,NV,PERSHING,5538,1517,2,811,RENO,1.0,False,,,
32029,NV,STOREY,908,442,2,811,RENO,1.0,False,39900,Reno NV,Metro
32031,NV,WASHOE,489066,193005,38,811,RENO,1.0,False,39900,Reno NV,Metro
32033,NV,WHITE PINE,9058,3402,7,770,SALT LAKE CITY,1.0,False,,,
32510,NV,CARSON CITY,60361,24076,9,811,RENO,1.0,False,16180,Carson City NV,Metro
33001,NH,BELKNAP,68593,28939,19,506,BOSTON,1.0,False,29060,Laconia NH,Micro
33003,NH,CARROLL,51878,23363,31,500,PORTLAND-AUBURN,0.9585,True,,,
33005,NH,CHESHIRE,77170,31683,27,506,BOSTON,1.0,False,28300,Keene NH,Micro
33007,NH,COOS,31328,13929,16,500,PORTLAND-AUBURN,1.0,False,,,
33009,NH,GRAFTON,91229,37747,39,523,BURLINGTON-PLATTSBURGH,1.0,False,30150,Lebanon-Claremont NH-VT,Micro
33011,NH,HILLSBOROUGH,423051,167904,39,506,BOSTON,1.0,False,31700,Manchester-Nashua NH,Metro
33013,NH,MERRIMACK,148974,58548,30,506,BOSTON,1.0,False,18180,Concord NH,Micro
33015,NH,ROCKINGHAM,314192,125794,44,506,BOSTON,1.0,False,14460,Boston-Cambridge-Newton MA-NH,Metro
33017,NH,STRAFFORD,129081,50748,19,506,BOSTON,1.0,False,14460,Boston-Cambridge-Newton MA-NH,Metro
33019,NH,SULLIVAN,42123,17751,17,523,BURLINGTON-PLATTSBURGH,1.0,False,30150,Lebanon-Claremont NH-VT,Micro
34001,NJ,ATLANTIC,274236,106581,32,504,PHILADELPHIA,1.0,False,12100,Atlantic City-Hammonton NJ,Metro
34003,NJ,BERGEN,955758,350665,71,501,NEW YORK,1.0,False,35620,New York-Newark-Jersey City NY-NJ,Metro
34005,NJ,BURLINGTON,454986,173068,34,504,PHILADELPHIA,1.0,False,37980,Philadelphia-Camden-Wilmington PA-NJ-DE-MD,Metro
34007,NJ,CAMDEN,537927,204615,37,504,PHILADELPHIA,1.0,False,37980,Philadelphia-Camden-Wilmington PA-NJ-DE-MD,Metro
34009,NJ,CAPE MAY,95889,41257,21,504,PHILADELPHIA,1.0,False,12100,Atlantic City-Hammonton NJ,Metro
34011,NJ,CUMBERLAND,157623,53897,21,504,PHILADELPHIA,1.0,False,47220,Vineland NJ,Metro
34013,NJ,ESSEX,864655,313113,45,501,NEW YORK,1.0,False,35620,New York-Newark-Jersey City NY-NJ,Metro
34015,NJ,GLOUCESTER,283786,103940,27,504,PHILADELPHIA,1.0,False,37980,Philadelphia-Camden-Wilmington PA-NJ-DE-MD,Metro
34017,NJ,HUDSON,724854,289408,23,501,NEW YORK,1.0,False,35620,New York-Newark-Jersey City NY-NJ,Metro
34019,NJ,HUNTERDON,131164,49614,28,501,NEW YORK,1.0,False,35620,New York-Newark-Jersey City NY-NJ,Metro
34021,NJ,MERCER,399004,142658,38,504,PHILADELPHIA,1.0,False,45940,Trenton-Princeton NJ,Metro
34023,NJ,MIDDLESEX,857587,298385,45,501,NEW YORK,1.0,False,35620,New York-Newark-Jersey City NY-NJ,Metro
34025,NJ,MONMOUTH,658436,250102,58,501,NEW YORK,1.0,False,35620,New York-Newark-Jersey City NY-NJ,Metro
34027,NJ,MORRIS,488420,180681,55,501,NEW YORK,1.0,False,35620,New York-Newark-Jersey City NY-NJ,Metro
34029,NJ,OCEAN,636528,238461,32,501,NEW YORK,1.0,False,35620,New York-Newark-Jersey City NY-NJ,Metro
34031,NJ,PASSAIC,534039,181035,38,501,NEW YORK,1.0,False,35620,New York-Newark-Jersey City NY-NJ,Metro
34033,NJ,SALEM,65867,25481,12,504,PHILADELPHIA,1.0,False,37980,Philadelphia-Camden-Wilmington PA-NJ-DE-MD,Metro
34035,NJ,SOMERSET,310529,113702,30,501,NEW YORK,1.0,False,35620,New York-Newark-Jersey City NY-NJ,Metro
34037,NJ,SUSSEX,145376,56285,27,501,NEW YORK,1.0,False,35620,New York-Newark-Jersey City NY-NJ,Metro
34039,NJ,UNION,598123,208061,30,501,NEW YORK,1.0,False,35620,New York-Newark-Jersey City NY-NJ,Metro
34041,NJ,WARREN,114207,45093,17,501,NEW YORK,1.0,False,10900,Allentown-Bethlehem-Easton PA-NJ,Metro
35001,NM,BERNALILLO,673596,278314,47,790,ALBUQUERQUE-SANTA FE,1.0,False,10740,Albuquerque NM,Metro
35003,NM,CATRON,3462,1778,7,790,ALBUQUERQUE-SANTA FE,1.0,False,,,
35005,NM,CHAVES,65278,23531,6,790,ALBUQUERQUE-SANTA FE,1.0,False,40740,Roswell NM,Micro
35006,NM,CIBOLA,27564,9027,13,790,ALBUQUERQUE-SANTA FE,1.0,False,,,
35007,NM,COLFAX,12353,5502,8,790,ALBUQUERQUE-SANTA FE,1.0,False,,,
35009,NM,CURRY,48650,18626,8,634,AMARILLO,1.0,False,17580,Clovis NM,Micro
35011,NM,DE BACA,1732,776,3,790,ALBUQUERQUE-SANTA FE,1.0,False,,,
35013,NM,DONA ANA,230955,85162,30,765,EL PASO,1.0,False,29740,Las Cruces NM,Metro
35015,NM,EDDY,62047,22699,10,790,ALBUQUERQUE-SANTA FE,1.0,False,16100,Carlsbad-Artesia NM,Micro
35017,NM,GRANT,28180,12281,18,790,ALBUQUERQUE-SANTA FE,1.0,False,43500,Silver City NM,Micro
35019,NM,GUADALUPE,4703,1744,6,790,ALBUQUERQUE-SANTA FE,1.0,False,,,
35021,NM,HARDING,618,299,4,790,ALBUQUERQUE-SANTA FE,1.0,False,,,
35023,NM,HIDALGO,4188,1703,4,790,ALBUQUERQUE-SANTA FE,1.0,False,,,
35025,NM,LEA,74455,25049,13,790,ALBUQUERQUE-SANTA FE,1.0,False,26020,Hobbs NM,Micro
35027,NM,LINCOLN,20327,9186,15,790,ALBUQUERQUE-SANTA FE,1.0,False,40760,Ruidoso NM,Micro
35028,NM,LOS ALAMOS,19421,8153,3,790,ALBUQUERQUE-SANTA FE,1.0,False,31060,Los Alamos NM,Micro
35029,NM,LUNA,25422,9821,3,790,ALBUQUERQUE-SANTA FE,1.0,False,19700,Deming NM,Micro
35031,NM,MCKINLEY,72468,22748,22,790,ALBUQUERQUE-SANTA FE,1.0,False,23700,Gallup NM,Micro
35033,NM,MORA,4021,1846,12,790,ALBUQUERQUE-SANTA FE,1.0,False,29780,Las Vegas NM,Micro
35035,NM,OTERO,56478,23143,16,790,ALBUQUERQUE-SANTA FE,1.0,False,10460,Alamogordo NM,Micro
35037,NM,QUAY,8773,3933,8,634,AMARILLO,1.0,False,,,
35039,NM,RIO ARRIBA,45566,18227,28,790,ALBUQUERQUE-SANTA FE,1.0,False,21580,Espanola NM,Micro
35041,NM,ROOSEVELT,19122,7147,10,634,AMARILLO,1.0,False,17580,Clovis NM,Micro
35043,NM,SANDOVAL,149979,55107,19,790,ALBUQUERQUE-SANTA FE,1.0,False,10740,Albuquerque NM,Metro
35045,NM,SAN JUAN,120514,42125,17,790,ALBUQUERQUE-SANTA FE,1.0,False,22140,Farmington NM,Metro
35047,NM,SAN MIGUEL,26742,11167,15,790,ALBUQUERQUE-SANTA FE,1.0,False,29780,Las Vegas NM,Micro
35049,NM,SANTA FE,151606,66859,18,790,ALBUQUERQUE-SANTA FE,1.0,False,42140,Santa Fe NM,Metro
35051,NM,SIERRA,11584,5743,10,790,ALBUQUERQUE-SANTA FE,1.0,False,,,
35053,NM,SOCORRO,16152,6323,9,790,ALBUQUERQUE-SANTA FE,1.0,False,,,
35055,NM,TAOS,35789,16275,21,790,ALBUQUERQUE-SANTA FE,1.0,False,45340,Taos NM,Micro
35057,NM,TORRANCE,13173,5162,9,790,ALBUQUERQUE-SANTA FE,1.0,False,10740,Albuquerque NM,Metro
35059,NM,UNION,4120,1575,8,634,AMARILLO,1.0,False,,,
35061,NM,VALENCIA,76055,27683,7,790,ALBUQUERQUE-SANTA FE,1.0,False,10740,Albuquerque NM,Metro
36001,NY,ALBANY,294849,124980,76,532,ALBANY-SCHENECTADY-TROY,1.0,False,10580,Albany-Schenectady-Troy NY,Metro
36003,NY,ALLEGANY,45518,17315,28,514,BUFFALO,1.0,False,,,
36005,NY,BRONX,1477398,525926,25,501,NEW YORK,1.0,False,35620,New York-Newark-Jersey City NY-NJ,Metro
36007,NY,BROOME,203092,83961,31,502,BINGHAMTON,1.0,False,13780,Binghamton NY,Metro
36009,NY,CATTARAUGUS,78546,32361,33,514,BUFFALO,1.0,False,36460,Olean NY,Micro
36011,NY,CAYUGA,73949,30436,20,555,SYRACUSE,1.0,False,12180,Auburn NY,Micro
36013,NY,CHAUTAUQUA,129533,54061,38,514,BUFFALO,1.0,False,27460,Jamestown-Dunkirk NY,Micro
36015,NY,CHEMUNG,82161,34489,16,565,ELMIRA,1.0,False,21300,Elmira NY,Metro
36017,NY,CHENANGO,50179,21087,21,502,BINGHAMTON,1.0,False,,,
36019,NY,CLINTON,82826,33852,26,523,BURLINGTON-PLATTSBURGH,1.0,False,38460,Plattsburgh NY,Micro
36021,NY,COLUMBIA,58998,25514,32,532,ALBANY-SCHENECTADY-TROY,1.0,False,26460,Hudson NY,Micro
36023,NY,CORTLAND,46963,18366,12,555,SYRACUSE,1.0,False,18660,Cortland NY,Micro
36025,NY,DELAWARE,39621,17215,34,502,BINGHAMTON,1.0,False,,,
36027,NY,DUTCHESS,298563,112983,39,501,NEW YORK,1.0,False,28880,Kiryas Joel-Poughkeepsie-Newburgh NY,Metro
36029,NY,ERIE,951906,403101,87,514,BUFFALO,1.0,False,15380,Buffalo-Cheektowaga NY,Metro
36031,NY,ESSEX,32354,13882,30,523,BURLINGTON-PLATTSBURGH,1.0,False,,,
36033,NY,FRANKLIN,50084,20133,22,523,BURLINGTON-PLATTSBURGH,1.0,False,,,
36035,NY,FULTON,48465,20578,7,532,ALBANY-SCHENECTADY-TROY,1.0,False,24100,Gloversville NY,Micro
36037,NY,GENESEE,59058,24463,16,514,BUFFALO,1.0,False,12860,Batavia NY,Micro
36039,NY,GREENE,48739,20384,36,532,ALBANY-SCHENECTADY-TROY,1.0,False,,,
36041,NY,HAMILTON,4454,2173,11,532,ALBANY-SCHENECTADY-TROY,1.0,False,,,
36043,NY,HERKIMER,57844,24237,17,526,UTICA,1.0,False,46540,Utica-Rome NY,Metro
36045,NY,JEFFERSON,118384,46157,41,549,WATERTOWN,1.0,False,48060,Watertown-Fort Drum NY,Metro
36047,NY,KINGS,2735593,1009720,47,501,NEW YORK,1.0,False,35620,New York-Newark-Jersey City NY-NJ,Metro
36049,NY,LEWIS,24911,10118,17,549,WATERTOWN,1.0,False,,,
36051,NY,LIVINGSTON,63691,25141,24,538,"ROCHESTER, NY",0.9952,True,40380,Rochester NY,Metro
36053,NY,MADISON,65623,25500,24,555,SYRACUSE,1.0,False,45060,Syracuse NY,Metro
36055,NY,MONROE,759333,317045,62,538,"ROCHESTER, NY",1.0,True,40380,Rochester NY,Metro
36057,NY,MONTGOMERY,58842,23697,15,532,ALBANY-SCHENECTADY-TROY,1.0,False,11220,Amsterdam NY,Micro
36059,NY,NASSAU,1409335,459880,83,501,NEW YORK,1.0,False,35620,New York-Newark-Jersey City NY-NJ,Metro
36061,NY,NEW YORK,1685545,814292,145,501,NEW YORK,1.0,False,35620,New York-Newark-Jersey City NY-NJ,Metro
36063,NY,NIAGARA,212440,91308,23,514,BUFFALO,1.0,False,15380,Buffalo-Cheektowaga NY,Metro
36065,NY,ONEIDA,233291,94444,57,526,UTICA,1.0,False,46540,Utica-Rome NY,Metro
36067,NY,ONONDAGA,480030,197258,60,555,SYRACUSE,1.0,False,45060,Syracuse NY,Metro
36069,NY,ONTARIO,110084,45618,21,538,"ROCHESTER, NY",1.0,False,40380,Rochester NY,Metro
36071,NY,ORANGE,402140,136214,56,501,NEW YORK,1.0,False,28880,Kiryas Joel-Poughkeepsie-Newburgh NY,Metro
36073,NY,ORLEANS,39736,15698,10,514,BUFFALO,1.0,False,40380,Rochester NY,Metro
36075,NY,OSWEGO,120471,47469,26,555,SYRACUSE,1.0,False,45060,Syracuse NY,Metro
36077,NY,OTSEGO,57654,23120,31,526,UTICA,1.0,False,36580,Oneonta NY,Micro
36079,NY,PUTNAM,98556,35628,9,501,NEW YORK,1.0,False,35620,New York-Newark-Jersey City NY-NJ,Metro
36081,NY,QUEENS,2402752,845070,78,501,NEW YORK,1.0,False,35620,New York-Newark-Jersey City NY-NJ,Metro
36083,NY,RENSSELAER,162856,67557,31,532,ALBANY-SCHENECTADY-TROY,1.0,False,10580,Albany-Schenectady-Troy NY,Metro
36085,NY,RICHMOND,495747,173202,14,501,NEW YORK,1.0,False,35620,New York-Newark-Jersey City NY-NJ,Metro
36087,NY,ROCKLAND,338337,102948,27,501,NEW YORK,1.0,False,35620,New York-Newark-Jersey City NY-NJ,Metro
36089,NY,SAINT LAWRENCE,106718,40505,47,549,WATERTOWN,1.0,False,32390,Massena-Ogdensburg NY,Micro
36091,NY,SARATOGA,230189,96417,21,532,ALBANY-SCHENECTADY-TROY,1.0,False,10580,Albany-Schenectady-Troy NY,Metro
36093,NY,SCHENECTADY,176481,72242,17,532,ALBANY-SCHENECTADY-TROY,1.0,False,10580,Albany-Schenectady-Troy NY,Metro
36095,NY,SCHOHARIE,27933,11864,18,532,ALBANY-SCHENECTADY-TROY,1.0,False,10580,Albany-Schenectady-Troy NY,Metro
36097,NY,SCHUYLER,17358,7458,14,565,ELMIRA,1.0,False,,,
36099,NY,SENECA,31181,12331,8,555,SYRACUSE,1.0,False,42900,Seneca Falls NY,Micro
36101,NY,STEUBEN,92524,39277,28,565,ELMIRA,1.0,False,18500,Corning NY,Micro
36103,NY,SUFFOLK,1519288,514695,114,501,NEW YORK,1.0,False,35620,New York-Newark-Jersey City NY-NJ,Metro
36105,NY,SULLIVAN,80618,30987,56,501,NEW YORK,1.0,False,33910,Monticello NY,Micro
36107,NY,TIOGA,49013,19988,14,502,BINGHAMTON,1.0,False,13780,Binghamton NY,Metro
36109,NY,TOMPKINS,106357,42621,15,555,SYRACUSE,1.0,False,27060,Ithaca NY,Metro
36111,NY,ULSTER,179901,72456,57,501,NEW YORK,1.0,False,28740,Kingston NY,Metro
36113,NY,WARREN,66009,29211,23,532,ALBANY-SCHENECTADY-TROY,1.0,False,24020,Glens Falls NY,Metro
36115,NY,WASHINGTON,63270,25317,21,532,ALBANY-SCHENECTADY-TROY,1.0,False,24020,Glens Falls NY,Metro
36117,NY,WAYNE,94797,38719,22,538,"ROCHESTER, NY",1.0,False,40380,Rochester NY,Metro
36119,NY,WESTCHESTER,1002874,366776,81,501,NEW YORK,1.0,False,35620,New York-Newark-Jersey City NY-NJ,Metro
36121,NY,WYOMING,40402,15808,19,514,BUFFALO,1.0,False,,,
36123,NY,YATES,25653,9894,10,538,"ROCHESTER, NY",1.0,False,,,
37001,NC,ALAMANCE,179773,71228,12,518,GREENSBORO-HIGH POINT-WINSTON SALEM,1.0,False,15500,Burlington NC,Metro
37003,NC,ALEXANDER,35178,13847,3,517,CHARLOTTE,1.0,False,25860,Hickory-Lenoir-Morganton NC,Metro
37005,NC,ALLEGHANY,11661,5208,6,518,GREENSBORO-HIGH POINT-WINSTON SALEM,1.0,False,,,
37007,NC,ANSON,22201,8627,7,517,CHARLOTTE,1.0,False,16740,Charlotte-Concord-Gastonia NC-SC,Metro
37009,NC,ASHE,26611,11677,11,517,CHARLOTTE,1.0,False,,,
37011,NC,AVERY,19573,8551,9,517,CHARLOTTE,1.0,False,,,
37013,NC,BEAUFORT,46109,20024,9,545,GREENVILLE-NEW BERN-WASHINGTON,1.0,False,47820,Washington NC,Micro
37015,NC,BERTIE,18371,7510,8,545,GREENVILLE-NEW BERN-WASHINGTON,1.0,False,,,
37017,NC,BLADEN,26763,11204,8,550,WILMINGTON,1.0,False,,,
37019,NC,BRUNSWICK,136368,61401,13,550,WILMINGTON,1.0,False,48900,Wilmington NC,Metro
37021,NC,BUNCOMBE,264460,114346,24,567,GREENVILLE-SPARTANBURG-ASHEVILLE,1.0,False,11700,Asheville NC,Metro
37023,NC,BURKE,79053,31733,11,517,CHARLOTTE,1.0,False,25860,Hickory-Lenoir-Morganton NC,Metro
37025,NC,CABARRUS,226783,83912,9,517,CHARLOTTE,1.0,False,16740,Charlotte-Concord-Gastonia NC-SC,Metro
37027,NC,CALDWELL,78680,32380,7,517,CHARLOTTE,1.0,False,25860,Hickory-Lenoir-Morganton NC,Metro
37029,NC,CAMDEN,9782,3666,3,544,NORFOLK-PORTSMOUTH-NEWPORT NEWS,1.0,False,47260,Virginia Beach-Chesapeake-Norfolk VA-NC,Metro
37031,NC,CARTERET,61062,27347,17,545,GREENVILLE-NEW BERN-WASHINGTON,1.0,False,33980,Morehead City NC,Micro
37033,NC,CASWELL,16353,6546,7,518,GREENSBORO-HIGH POINT-WINSTON SALEM,1.0,False,,,
37035,NC,CATAWBA,169686,68134,10,517,CHARLOTTE,1.0,False,25860,Hickory-Lenoir-Morganton NC,Metro
37037,NC,CHATHAM,49100,19934,9,560,RALEIGH-DURHAM,1.0,False,20500,Durham-Chapel Hill NC,Metro
37039,NC,CHEROKEE,29145,12916,5,575,CHATTANOOGA,1.0,False,,,
37041,NC,CHOWAN,13845,5913,2,544,NORFOLK-PORTSMOUTH-NEWPORT NEWS,1.0,False,,,
37043,NC,CLAY,11462,5034,3,524,ATLANTA,1.0,False,,,
37045,NC,CLEVELAND,105836,42321,14,517,CHARLOTTE,1.0,False,43140,Shelby-Kings Mountain NC,Micro
37047,NC,COLUMBUS,50731,20418,14,550,WILMINGTON,1.0,False,,,
37049,NC,CRAVEN,103570,42163,12,545,GREENVILLE-NEW BERN-WASHINGTON,1.0,False,35100,New Bern NC,Micro
37051,NC,CUMBERLAND,344890,132635,20,560,RALEIGH-DURHAM,1.0,False,22180,Fayetteville NC,Metro
37053,NC,CURRITUCK,28635,10907,15,544,NORFOLK-PORTSMOUTH-NEWPORT NEWS,1.0,False,47260,Virginia Beach-Chesapeake-Norfolk VA-NC,Metro
37055,NC,DARE,36915,15966,14,544,NORFOLK-PORTSMOUTH-NEWPORT NEWS,1.0,False,28620,Kill Devil Hills NC,Micro
37057,NC,DAVIDSON,139887,56296,11,518,GREENSBORO-HIGH POINT-WINSTON SALEM,1.0,False,49180,Winston-Salem NC,Metro
37059,NC,DAVIE,42240,17081,3,518,GREENSBORO-HIGH POINT-WINSTON SALEM,1.0,False,49180,Winston-Salem NC,Metro
37061,NC,DUPLIN,44918,17783,11,545,GREENVILLE-NEW BERN-WASHINGTON,1.0,False,,,
37063,NC,DURHAM,319297,130746,18,560,RALEIGH-DURHAM,1.0,False,20500,Durham-Chapel Hill NC,Metro
37065,NC,EDGECOMBE,49258,20100,9,560,RALEIGH-DURHAM,1.0,False,40580,Rocky Mount NC,Metro
37067,NC,FORSYTH,409171,167065,38,518,GREENSBORO-HIGH POINT-WINSTON SALEM,1.0,False,49180,Winston-Salem NC,Metro
37069,NC,FRANKLIN,62342,23807,4,560,RALEIGH-DURHAM,1.0,False,39580,Raleigh-Cary NC,Metro
37071,NC,GASTON,230718,91874,16,517,CHARLOTTE,1.0,False,16740,Charlotte-Concord-Gastonia NC-SC,Metro
37073,NC,GATES,10651,4325,7,544,NORFOLK-PORTSMOUTH-NEWPORT NEWS,1.0,False,47260,Virginia Beach-Chesapeake-Norfolk VA-NC,Metro
37075,NC,GRAHAM,7647,3140,2,567,GREENVILLE-SPARTANBURG-ASHEVILLE,1.0,False,,,
37077,NC,GRANVILLE,51728,18886,6,560,RALEIGH-DURHAM,1.0,False,,,
37079,NC,GREENE,17085,5641,4,545,GREENVILLE-NEW BERN-WASHINGTON,1.0,False,,,
37081,NC,GUILFORD,575252,230237,48,518,GREENSBORO-HIGH POINT-WINSTON SALEM,1.0,False,24660,Greensboro-High Point NC,Metro
37083,NC,HALIFAX,52103,22361,9,560,RALEIGH-DURHAM,1.0,False,40260,Roanoke Rapids NC,Micro
37085,NC,HARNETT,109954,39714,12,560,RALEIGH-DURHAM,1.0,False,11360,Anderson Creek NC,Micro
37087,NC,HAYWOOD,62184,27228,7,567,GREENVILLE-SPARTANBURG-ASHEVILLE,1.0,False,48200,Waynesville NC,Micro
37089,NC,HENDERSON,121047,51037,18,567,GREENVILLE-SPARTANBURG-ASHEVILLE,1.0,False,11700,Asheville NC,Metro
37091,NC,HERTFORD,21366,8220,6,544,NORFOLK-PORTSMOUTH-NEWPORT NEWS,1.0,False,,,
37093,NC,HOKE,43160,15380,1,560,RALEIGH-DURHAM,1.0,False,22180,Fayetteville NC,Metro
37095,NC,HYDE,4228,1636,5,545,GREENVILLE-NEW BERN-WASHINGTON,1.0,False,,,
37097,NC,IREDELL,184308,71861,13,517,CHARLOTTE,1.0,False,16740,Charlotte-Concord-Gastonia NC-SC,Metro
37099,NC,JACKSON,39397,15417,9,567,GREENVILLE-SPARTANBURG-ASHEVILLE,1.0,False,,,
37101,NC,JOHNSTON,172853,63673,12,560,RALEIGH-DURHAM,1.0,False,39580,Raleigh-Cary NC,Metro
37103,NC,JONES,10890,4476,4,545,GREENVILLE-NEW BERN-WASHINGTON,1.0,False,35100,New Bern NC,Micro
37105,NC,LEE,82531,31288,6,560,RALEIGH-DURHAM,1.0,False,41820,Sanford NC,Micro
37107,NC,LENOIR,61169,25174,7,545,GREENVILLE-NEW BERN-WASHINGTON,1.0,False,28820,Kinston NC,Micro
37109,NC,LINCOLN,85261,33751,6,517,CHARLOTTE,1.0,False,16740,Charlotte-Concord-Gastonia NC-SC,Metro
37111,NC,MCDOWELL,44804,18148,5,567,GREENVILLE-SPARTANBURG-ASHEVILLE,1.0,False,32000,Marion NC,Micro
37113,NC,MACON,36435,16118,5,567,GREENVILLE-SPARTANBURG-ASHEVILLE,1.0,False,,,
37115,NC,MADISON,21375,9020,3,567,GREENVILLE-SPARTANBURG-ASHEVILLE,1.0,False,11700,Asheville NC,Metro
37117,NC,MARTIN,22281,9624,8,545,GREENVILLE-NEW BERN-WASHINGTON,1.0,False,,,
37119,NC,MECKLENBURG,1131608,454015,83,517,CHARLOTTE,1.0,False,16740,Charlotte-Concord-Gastonia NC-SC,Metro
37121,NC,MITCHELL,16855,6679,3,567,GREENVILLE-SPARTANBURG-ASHEVILLE,1.0,False,,,
37123,NC,MONTGOMERY,24027,9539,6,518,GREENSBORO-HIGH POINT-WINSTON SALEM,1.0,False,,,
37125,NC,MOORE,95400,40306,14,560,RALEIGH-DURHAM,1.0,False,38240,Pinehurst-Southern Pines NC,Metro
37127,NC,NASH,97936,40298,10,560,RALEIGH-DURHAM,1.0,False,40580,Rocky Mount NC,Metro
37129,NC,NEW HANOVER,227438,98797,16,550,WILMINGTON,1.0,False,48900,Wilmington NC,Metro
37131,NC,NORTHAMPTON,17384,7775,13,544,NORFOLK-PORTSMOUTH-NEWPORT NEWS,1.0,False,40260,Roanoke Rapids NC,Micro
37133,NC,ONSLOW,205970,70680,13,545,GREENVILLE-NEW BERN-WASHINGTON,1.0,False,27340,Jacksonville NC,Metro
37135,NC,ORANGE,158711,62065,9,560,RALEIGH-DURHAM,1.0,False,20500,Durham-Chapel Hill NC,Metro
37137,NC,PAMLICO,10127,4333,10,545,GREENVILLE-NEW BERN-WASHINGTON,1.0,False,35100,New Bern NC,Micro
37139,NC,PASQUOTANK,40606,15641,3,544,NORFOLK-PORTSMOUTH-NEWPORT NEWS,1.0,False,21020,Elizabeth City NC,Micro
37141,NC,PENDER,57570,21620,7,550,WILMINGTON,1.0,False,48900,Wilmington NC,Metro
37143,NC,PERQUIMANS,12695,5456,4,544,NORFOLK-PORTSMOUTH-NEWPORT NEWS,1.0,False,,,
37145,NC,PERSON,38223,15763,5,560,RALEIGH-DURHAM,1.0,False,20500,Durham-Chapel Hill NC,Metro
37147,NC,PITT,173174,71142,16,545,GREENVILLE-NEW BERN-WASHINGTON,1.0,False,24780,Greenville NC,Metro
37149,NC,POLK,19472,8654,5,567,GREENVILLE-SPARTANBURG-ASHEVILLE,1.0,False,,,
37151,NC,RANDOLPH,124368,49281,12,518,GREENSBORO-HIGH POINT-WINSTON SALEM,1.0,False,24660,Greensboro-High Point NC,Metro
37153,NC,RICHMOND,43256,17569,8,517,CHARLOTTE,1.0,False,40460,Rockingham NC,Micro
37155,NC,ROBESON,128189,47452,17,570,MYRTLE BEACH-FLORENCE,1.0,False,31300,Lumberton NC,Micro
37157,NC,ROCKINGHAM,87582,37401,9,518,GREENSBORO-HIGH POINT-WINSTON SALEM,1.0,False,24660,Greensboro-High Point NC,Metro
37159,NC,ROWAN,130502,50965,15,517,CHARLOTTE,1.0,False,16740,Charlotte-Concord-Gastonia NC-SC,Metro
37161,NC,RUTHERFORD,61204,25427,12,567,GREENVILLE-SPARTANBURG-ASHEVILLE,1.0,False,22580,Forest City NC,Micro
37163,NC,SAMPSON,54498,21015,11,560,RALEIGH-DURHAM,1.0,False,,,
37165,NC,SCOTLAND,32870,12381,5,570,MYRTLE BEACH-FLORENCE,1.0,False,29900,Laurinburg NC,Micro
37167,NC,STANLY,64457,25732,10,517,CHARLOTTE,1.0,False,10620,Albemarle NC,Micro
37169,NC,STOKES,43029,18273,8,518,GREENSBORO-HIGH POINT-WINSTON SALEM,1.0,False,49180,Winston-Salem NC,Metro
37171,NC,SURRY,75587,31514,11,518,GREENSBORO-HIGH POINT-WINSTON SALEM,1.0,False,34340,Mount Airy NC,Micro
37173,NC,SWAIN,16940,6701,3,567,GREENVILLE-SPARTANBURG-ASHEVILLE,1.0,False,,,
37175,NC,TRANSYLVANIA,33497,14730,8,567,GREENVILLE-SPARTANBURG-ASHEVILLE,1.0,False,14820,Brevard NC,Micro
37177,NC,TYRRELL,3017,1365,1,545,GREENVILLE-NEW BERN-WASHINGTON,1.0,False,,,
37179,NC,UNION,237641,79975,9,517,CHARLOTTE,1.0,False,16740,Charlotte-Concord-Gastonia NC-SC,Metro
37181,NC,VANCE,45644,18326,6,560,RALEIGH-DURHAM,1.0,False,25780,Henderson NC,Micro
37183,NC,WAKE,1201539,465285,63,560,RALEIGH-DURHAM,1.0,False,39580,Raleigh-Cary NC,Metro
37185,NC,WARREN,14036,5803,6,560,RALEIGH-DURHAM,1.0,False,,,
37187,NC,WASHINGTON,11256,4981,3,545,GREENVILLE-NEW BERN-WASHINGTON,1.0,False,,,
37189,NC,WATAUGA,49807,19435,8,517,CHARLOTTE,1.0,False,14380,Boone NC,Micro
37191,NC,WAYNE,116708,45606,10,560,RALEIGH-DURHAM,1.0,False,24140,Goldsboro NC,Metro
37193,NC,WILKES,62503,26127,14,518,GREENSBORO-HIGH POINT-WINSTON SALEM,1.0,False,35900,North Wilkesboro NC,Micro
37195,NC,WILSON,78887,32210,10,560,RALEIGH-DURHAM,1.0,False,48980,Wilson NC,Micro
37197,NC,YADKIN,38373,15664,5,518,GREENSBORO-HIGH POINT-WINSTON SALEM,1.0,False,49180,Winston-Salem NC,Metro
37199,NC,YANCEY,18691,8223,3,567,GREENVILLE-SPARTANBURG-ASHEVILLE,1.0,False,,,
38001,ND,ADAMS,2045,969,2,687,MINOT-BISMARCK-DICKINSON,1.0,False,,,
38003,ND,BARNES,11067,4862,12,724,FARGO-VALLEY CITY,1.0,False,,,
38005,ND,BENSON,5781,1948,11,724,FARGO-VALLEY CITY,1.0,False,,,
38007,ND,BILLINGS,429,198,2,687,MINOT-BISMARCK-DICKINSON,1.0,False,19860,Dickinson ND,Micro
38009,ND,BOTTINEAU,6529,2824,9,687,MINOT-BISMARCK-DICKINSON,1.0,False,,,
38011,ND,BOWMAN,3248,1379,3,687,MINOT-BISMARCK-DICKINSON,1.0,False,,,
38013,ND,BURKE,2217,958,6,687,MINOT-BISMARCK-DICKINSON,1.0,False,,,
38015,ND,BURLEIGH,98022,39754,14,687,MINOT-BISMARCK-DICKINSON,1.0,False,13900,Bismarck ND,Metro
38017,ND,CASS,184781,78741,34,724,FARGO-VALLEY CITY,1.0,False,22020,Fargo ND-MN,Metro
38019,ND,CAVALIER,3592,1618,11,724,FARGO-VALLEY CITY,1.0,False,,,
38021,ND,DICKEY,5221,1989,4,724,FARGO-VALLEY CITY,1.0,False,,,
38023,ND,DIVIDE,1871,815,4,687,MINOT-BISMARCK-DICKINSON,1.0,False,,,
38025,ND,DUNN,3283,1255,6,687,MINOT-BISMARCK-DICKINSON,1.0,False,19860,Dickinson ND,Micro
38027,ND,EDDY,2346,1017,2,724,FARGO-VALLEY CITY,1.0,False,,,
38029,ND,EMMONS,3295,1491,6,687,MINOT-BISMARCK-DICKINSON,1.0,False,,,
38031,ND,FOSTER,3537,1498,4,724,FARGO-VALLEY CITY,1.0,False,,,
38033,ND,GOLDEN VALLEY,1761,732,3,687,MINOT-BISMARCK-DICKINSON,1.0,False,,,
38035,ND,GRAND FORKS,72870,30627,19,724,FARGO-VALLEY CITY,1.0,False,24220,Grand Forks ND-MN,Metro
38037,ND,GRANT,2028,930,5,687,MINOT-BISMARCK-DICKINSON,1.0,False,,,
38039,ND,GRIGGS,2180,966,5,724,FARGO-VALLEY CITY,1.0,False,,,
38041,ND,HETTINGER,2660,1137,3,687,MINOT-BISMARCK-DICKINSON,1.0,False,,,
38043,ND,KIDDER,2165,968,6,687,MINOT-BISMARCK-DICKINSON,1.0,False,,,
38045,ND,LAMOURE,4140,1725,8,724,FARGO-VALLEY CITY,1.0,False,,,
38047,ND,LOGAN,1612,705,3,687,MINOT-BISMARCK-DICKINSON,1.0,False,,,
38049,ND,MCHENRY,5606,2388,12,687,MINOT-BISMARCK-DICKINSON,1.0,False,33500,Minot ND,Metro
38051,ND,MCINTOSH,2720,1251,4,687,MINOT-BISMARCK-DICKINSON,1.0,False,,,
38053,ND,MCKENZIE,13248,4909,7,687,MINOT-BISMARCK-DICKINSON,1.0,False,,,
38055,ND,MCLEAN,10237,4330,13,687,MINOT-BISMARCK-DICKINSON,1.0,False,,,
38057,ND,MERCER,8386,3494,5,687,MINOT-BISMARCK-DICKINSON,1.0,False,,,
38059,ND,MORTON,33935,14066,7,687,MINOT-BISMARCK-DICKINSON,1.0,False,13900,Bismarck ND,Metro
38061,ND,MOUNTRAIL,10753,3957,7,687,MINOT-BISMARCK-DICKINSON,1.0,False,,,
38063,ND,NELSON,3234,1476,8,724,FARGO-VALLEY CITY,1.0,False,,,
38065,ND,OLIVER,1268,523,1,687,MINOT-BISMARCK-DICKINSON,1.0,False,13900,Bismarck ND,Metro
38067,ND,PEMBINA,6943,3049,12,724,FARGO-VALLEY CITY,1.0,False,,,
38069,ND,PIERCE,3668,1600,3,687,MINOT-BISMARCK-DICKINSON,1.0,False,,,
38071,ND,RAMSEY,11794,5027,10,724,FARGO-VALLEY CITY,1.0,False,,,
38073,ND,RANSOM,5300,2204,4,724,FARGO-VALLEY CITY,1.0,False,,,
38075,ND,RENVILLE,2275,973,4,687,MINOT-BISMARCK-DICKINSON,1.0,False,33500,Minot ND,Metro
38077,ND,RICHLAND,16364,6642,15,724,FARGO-VALLEY CITY,1.0,False,47420,Wahpeton ND-MN,Micro
38079,ND,ROLETTE,12230,4125,7,687,MINOT-BISMARCK-DICKINSON,1.0,False,,,
38081,ND,SARGENT,4189,1761,8,724,FARGO-VALLEY CITY,1.0,False,,,
38083,ND,SHERIDAN,1092,515,4,687,MINOT-BISMARCK-DICKINSON,1.0,False,,,
38085,ND,SIOUX,3996,1146,4,687,MINOT-BISMARCK-DICKINSON,1.0,False,,,
38087,ND,SLOPE,296,138,2,687,MINOT-BISMARCK-DICKINSON,1.0,False,,,
38089,ND,STARK,34606,13956,8,687,MINOT-BISMARCK-DICKINSON,1.0,False,19860,Dickinson ND,Micro
38091,ND,STEELE,1528,675,4,724,FARGO-VALLEY CITY,1.0,False,,,
38093,ND,STUTSMAN,21624,9084,13,724,FARGO-VALLEY CITY,1.0,False,27420,Jamestown ND,Micro
38095,ND,TOWNER,2011,906,6,724,FARGO-VALLEY CITY,1.0,False,,,
38097,ND,TRAILL,8037,3263,10,724,FARGO-VALLEY CITY,1.0,False,,,
38099,ND,WALSH,10995,4594,11,724,FARGO-VALLEY CITY,1.0,False,,,
38101,ND,WARD,69942,28891,17,687,MINOT-BISMARCK-DICKINSON,1.0,False,33500,Minot ND,Metro
38103,ND,WELLS,4090,1884,7,687,MINOT-BISMARCK-DICKINSON,1.0,False,,,
38105,ND,WILLIAMS,41396,16278,12,687,MINOT-BISMARCK-DICKINSON,1.0,False,48780,Williston ND,Micro
39001,OH,ADAMS,32062,12609,10,515,CINCINNATI,0.9427,True,,,
39003,OH,ALLEN,110066,44222,14,558,LIMA,1.0,False,30620,Lima OH,Metro
39005,OH,ASHLAND,50803,20083,10,510,CLEVELAND-AKRON,1.0,False,11740,Ashland OH,Micro
39007,OH,ASHTABULA,98190,39576,17,510,CLEVELAND-AKRON,1.0,False,17410,Cleveland OH,Metro
39009,OH,ATHENS,67967,25949,19,535,"COLUMBUS, OH",0.9893,True,11900,Athens OH,Micro
39011,OH,AUGLAIZE,45348,18045,10,558,LIMA,1.0,False,47540,Wapakoneta OH,Micro
39013,OH,BELMONT,64982,26788,26,554,WHEELING-STEUBENVILLE,1.0,False,48540,Wheeling WV-OH,Metro
39015,OH,BROWN,39201,15418,11,515,CINCINNATI,1.0,False,17140,Cincinnati OH-KY-IN,Metro
39017,OH,BUTLER,386798,143870,21,515,CINCINNATI,1.0,False,17140,Cincinnati OH-KY-IN,Metro
39019,OH,CARROLL,19207,8013,7,510,CLEVELAND-AKRON,1.0,False,15940,Canton-Massillon OH,Metro
39021,OH,CHAMPAIGN,37209,15052,10,542,DAYTON,1.0,False,46500,Urbana OH,Micro
39023,OH,CLARK,135514,55630,15,542,DAYTON,1.0,False,44220,Springfield OH,Metro
39025,OH,CLERMONT,218581,85261,16,515,CINCINNATI,1.0,False,17140,Cincinnati OH-KY-IN,Metro
39027,OH,CLINTON,47594,18466,10,515,CINCINNATI,1.0,False,48940,Wilmington OH,Micro
39029,OH,COLUMBIANA,106075,43255,21,536,YOUNGSTOWN,1.0,False,41400,Salem OH,Micro
39031,OH,COSHOCTON,33626,13524,10,535,"COLUMBUS, OH",1.0,False,18740,Coshocton OH,Micro
39033,OH,CRAWFORD,43874,18792,9,535,"COLUMBUS, OH",1.0,False,15340,Bucyrus OH,Micro
39035,OH,CUYAHOGA,1270867,558214,63,510,CLEVELAND-AKRON,1.0,False,17410,Cleveland OH,Metro
39037,OH,DARKE,47830,19381,15,542,DAYTON,1.0,False,24820,Greenville OH,Micro
39039,OH,DEFIANCE,37942,15359,8,547,TOLEDO,1.0,False,19580,Defiance OH,Micro
39041,OH,DELAWARE,214087,78013,10,535,"COLUMBUS, OH",1.0,False,18140,Columbus OH,Metro
39043,OH,ERIE,78997,33731,9,510,CLEVELAND-AKRON,1.0,False,41780,Sandusky OH,Metro
39045,OH,FAIRFIELD,144692,53665,13,535,"COLUMBUS, OH",1.0,False,18140,Columbus OH,Metro
39047,OH,FAYETTE,26068,10677,4,535,"COLUMBUS, OH",1.0,False,47920,Washington Court House OH,Micro
39049,OH,FRANKLIN,1356733,551401,65,535,"COLUMBUS, OH",1.0,False,18140,Columbus OH,Metro
39051,OH,FULTON,47557,18777,8,547,TOLEDO,1.0,False,45780,Toledo OH,Metro
39053,OH,GALLIA,30753,12330,9,564,CHARLESTON-HUNTINGTON,1.0,False,23680,Gallipolis OH,Micro
39055,OH,GEAUGA,89999,32987,13,510,CLEVELAND-AKRON,1.0,False,17410,Cleveland OH,Metro
39057,OH,GREENE,171254,68719,16,542,DAYTON,1.0,False,19430,Dayton-Kettering-Beavercreek OH,Metro
39059,OH,GUERNSEY,39085,16330,14,535,"COLUMBUS, OH",1.0,False,15740,Cambridge OH,Micro
39061,OH,HAMILTON,843791,353159,79,515,CINCINNATI,1.0,False,17140,Cincinnati OH-KY-IN,Metro
39063,OH,HANCOCK,68477,28403,13,547,TOLEDO,1.0,False,22300,Findlay OH,Micro
39065,OH,HARDIN,31735,12010,10,535,"COLUMBUS, OH",1.0,False,,,
39067,OH,HARRISON,15422,6378,11,554,WHEELING-STEUBENVILLE,1.0,False,,,
39069,OH,HENRY,27623,11227,11,547,TOLEDO,1.0,False,,,
39071,OH,HIGHLAND,42302,16448,7,515,CINCINNATI,1.0,False,,,
39073,OH,HOCKING,27033,10993,8,535,"COLUMBUS, OH",1.0,False,18140,Columbus OH,Metro
39075,OH,HOLMES,31801,10376,12,510,CLEVELAND-AKRON,1.0,False,,,
39077,OH,HURON,73114,29307,12,510,CLEVELAND-AKRON,1.0,False,35940,Norwalk OH,Micro
39079,OH,JACKSON,31291,12381,4,564,CHARLESTON-HUNTINGTON,1.0,False,,,
39081,OH,JEFFERSON,67859,28607,23,554,WHEELING-STEUBENVILLE,1.0,False,48260,Weirton-Steubenville WV-OH,Metro
39083,OH,KNOX,63643,23790,10,535,"COLUMBUS, OH",1.0,False,34540,Mount Vernon OH,Micro
39085,OH,LAKE,232447,99522,11,510,CLEVELAND-AKRON,1.0,False,17410,Cleveland OH,Metro
39087,OH,LAWRENCE,58180,23863,10,564,CHARLESTON-HUNTINGTON,1.0,False,26580,Huntington-Ashland WV-KY-OH,Metro
39089,OH,LICKING,160939,62267,20,535,"COLUMBUS, OH",1.0,False,18140,Columbus OH,Metro
39091,OH,LOGAN,49613,20364,14,542,DAYTON,1.0,False,13340,Bellefontaine OH,Micro
39093,OH,LORAIN,304042,121614,16,510,CLEVELAND-AKRON,1.0,False,17410,Cleveland OH,Metro
39095,OH,LUCAS,423339,178675,40,547,TOLEDO,1.0,False,45780,Toledo OH,Metro
39097,OH,MADISON,55341,19154,6,535,"COLUMBUS, OH",1.0,False,18140,Columbus OH,Metro
39099,OH,MAHONING,225841,97084,31,536,YOUNGSTOWN,1.0,False,49660,Youngstown-Warren OH,Metro
39101,OH,MARION,65965,25115,10,535,"COLUMBUS, OH",1.0,False,32020,Marion OH,Micro
39103,OH,MEDINA,180994,71101,15,510,CLEVELAND-AKRON,1.0,False,17410,Cleveland OH,Metro
39105,OH,MEIGS,19459,8078,11,564,CHARLESTON-HUNTINGTON,1.0,False,,,
39107,OH,MERCER,42566,16311,10,542,DAYTON,1.0,False,16380,Celina OH,Micro
39109,OH,MIAMI,110498,44744,14,542,DAYTON,1.0,False,19430,Dayton-Kettering-Beavercreek OH,Metro
39111,OH,MONROE,13100,5607,12,554,WHEELING-STEUBENVILLE,1.0,False,,,
39113,OH,MONTGOMERY,539251,228454,48,542,DAYTON,1.0,False,19430,Dayton-Kettering-Beavercreek OH,Metro
39115,OH,MORGAN,11796,5035,4,535,"COLUMBUS, OH",1.0,False,,,
39117,OH,MORROW,26386,10181,9,535,"COLUMBUS, OH",1.0,False,18140,Columbus OH,Metro
39119,OH,MUSKINGUM,91875,37118,18,596,ZANESVILLE,1.0,False,49780,Zanesville OH,Micro
39121,OH,NOBLE,11290,3660,6,535,"COLUMBUS, OH",1.0,False,,,
39123,OH,OTTAWA,42237,18484,16,547,TOLEDO,1.0,False,41780,Sandusky OH,Metro
39125,OH,PAULDING,17637,7099,9,509,FORT WAYNE,1.0,False,,,
39127,OH,PERRY,38855,14885,11,535,"COLUMBUS, OH",1.0,False,18140,Columbus OH,Metro
39129,OH,PICKAWAY,56176,20136,8,535,"COLUMBUS, OH",1.0,False,18140,Columbus OH,Metro
39131,OH,PIKE,24503,9774,8,535,"COLUMBUS, OH",1.0,False,,,
39133,OH,PORTAGE,170975,69225,19,510,CLEVELAND-AKRON,1.0,False,10420,Akron OH,Metro
39135,OH,PREBLE,39312,15751,10,542,DAYTON,1.0,False,,,
39137,OH,PUTNAM,35849,13486,14,558,LIMA,1.0,False,,,
39139,OH,RICHLAND,124341,50000,13,510,CLEVELAND-AKRON,1.0,False,31900,Mansfield OH,Metro
39141,OH,ROSS,77708,29615,11,535,"COLUMBUS, OH",1.0,False,17060,Chillicothe OH,Micro
39143,OH,SANDUSKY,51531,21467,8,547,TOLEDO,1.0,False,23380,Fremont OH,Micro
39145,OH,SCIOTO,73887,29473,14,564,CHARLESTON-HUNTINGTON,1.0,False,39020,Portsmouth OH,Micro
39147,OH,SENECA,61093,24688,14,547,TOLEDO,1.0,False,45660,Tiffin OH,Micro
39149,OH,SHELBY,45735,17836,12,542,DAYTON,1.0,False,43380,Sidney OH,Micro
39151,OH,STARK,403123,166848,43,510,CLEVELAND-AKRON,1.0,False,15940,Canton-Massillon OH,Metro
39153,OH,SUMMIT,515533,218778,46,510,CLEVELAND-AKRON,1.0,False,10420,Akron OH,Metro
39155,OH,TRUMBULL,194818,83377,27,536,YOUNGSTOWN,1.0,False,49660,Youngstown-Warren OH,Metro
39157,OH,TUSCARAWAS,102791,40143,20,510,CLEVELAND-AKRON,1.0,False,35420,New Philadelphia-Dover OH,Micro
39159,OH,UNION,46118,16345,9,535,"COLUMBUS, OH",1.0,False,18140,Columbus OH,Metro
39161,OH,VAN WERT,24264,9733,9,509,FORT WAYNE,1.0,False,46780,Van Wert OH,Micro
39163,OH,VINTON,11430,4630,7,564,CHARLESTON-HUNTINGTON,1.0,False,,,
39165,OH,WARREN,222825,81461,12,515,CINCINNATI,1.0,False,17140,Cincinnati OH-KY-IN,Metro
39167,OH,WASHINGTON,61140,25817,20,597,PARKERSBURG,1.0,False,31930,Marietta OH,Micro
39169,OH,WAYNE,124210,46241,16,510,CLEVELAND-AKRON,1.0,False,49300,Wooster OH,Micro
39171,OH,WILLIAMS,38264,15737,10,547,TOLEDO,1.0,False,,,
39173,OH,WOOD,132052,53009,32,547,TOLEDO,1.0,False,45780,Toledo OH,Metro
39175,OH,WYANDOT,23021,9538,8,547,TOLEDO,1.0,False,,,
40001,OK,ADAIR,20564,7521,5,671,TULSA,1.0,False,,,
40003,OK,ALFALFA,5850,1959,8,650,OKLAHOMA CITY,1.0,False,,,
40005,OK,ATOKA,12544,4387,5,657,SHERMAN-ADA,1.0,False,,,
40007,OK,BEAVER,4906,1884,5,634,AMARILLO,1.0,False,,,
40009,OK,BECKHAM,22552,8072,6,650,OKLAHOMA CITY,1.0,False,21120,Elk City OK,Micro
40011,OK,BLAINE,8801,3594,8,650,OKLAHOMA CITY,1.0,False,,,
40013,OK,BRYAN,46417,18121,14,657,SHERMAN-ADA,1.0,False,20460,Durant OK,Micro
40015,OK,CADDO,29634,10329,13,650,OKLAHOMA CITY,1.0,False,,,
40017,OK,CANADIAN,142464,52404,8,650,OKLAHOMA CITY,1.0,False,36420,Oklahoma City OK,Metro
40019,OK,CARTER,48395,19179,14,657,SHERMAN-ADA,1.0,False,11620,Ardmore OK,Micro
40021,OK,CHEROKEE,43251,16666,8,671,TULSA,1.0,False,45140,Tahlequah OK,Micro
40023,OK,CHOCTAW,14598,6078,8,657,SHERMAN-ADA,1.0,False,,,
40025,OK,CIMARRON,2257,948,4,634,AMARILLO,1.0,False,,,
40027,OK,CLEVELAND,274503,104321,14,650,OKLAHOMA CITY,1.0,False,36420,Oklahoma City OK,Metro
40029,OK,COAL,5132,2062,5,657,SHERMAN-ADA,1.0,False,,,
40031,OK,COMANCHE,120271,44438,16,627,WICHITA FALLS-LAWTON,1.0,False,30020,Lawton OK,Metro
40033,OK,COTTON,5352,2148,4,627,WICHITA FALLS-LAWTON,1.0,False,30020,Lawton OK,Metro
40035,OK,CRAIG,16237,6300,5,671,TULSA,0.9274,True,,,
40037,OK,CREEK,71999,27775,14,671,TULSA,1.0,False,46140,Tulsa OK,Metro
40039,OK,CUSTER,28053,10666,6,650,OKLAHOMA CITY,1.0,False,48220,Weatherford OK,Micro
40041,OK,DELAWARE,33383,13530,8,671,TULSA,1.0,False,,,
40043,OK,DEWEY,4924,1977,8,650,OKLAHOMA CITY,1.0,False,,,
40045,OK,ELLIS,3865,1595,4,650,OKLAHOMA CITY,1.0,False,,,
40047,OK,GARFIELD,62708,24124,17,650,OKLAHOMA CITY,1.0,False,21420,Enid OK,Metro
40049,OK,GARVIN,28279,11159,7,650,OKLAHOMA CITY,1.0,False,,,
40051,OK,GRADY,44244,16647,11,650,OKLAHOMA CITY,1.0,False,36420,Oklahoma City OK,Metro
40053,OK,GRANT,4131,1767,7,650,OKLAHOMA CITY,1.0,False,,,
40055,OK,GREER,5516,1955,3,650,OKLAHOMA CITY,1.0,False,,,
40057,OK,HARMON,2426,976,3,650,OKLAHOMA CITY,1.0,False,,,
40059,OK,HARPER,3464,1448,4,650,OKLAHOMA CITY,1.0,False,,,
40061,OK,HASKELL,12416,4879,7,671,TULSA,1.0,False,,,
40063,OK,HUGHES,13745,4811,7,650,OKLAHOMA CITY,1.0,False,,,
40065,OK,JACKSON,24851,9824,10,627,WICHITA FALLS-LAWTON,1.0,False,11060,Altus OK,Micro
40067,OK,JEFFERSON,5789,2366,7,627,WICHITA FALLS-LAWTON,1.0,False,,,
40069,OK,JOHNSTON,10891,4160,10,657,SHERMAN-ADA,1.0,False,,,
40071,OK,KAY,46417,18684,9,650,OKLAHOMA CITY,1.0,False,38620,Ponca City OK,Micro
40073,OK,KINGFISHER,16784,6110,7,650,OKLAHOMA CITY,1.0,False,,,
40075,OK,KIOWA,8734,3653,7,650,OKLAHOMA CITY,1.0,False,,,
40077,OK,LATIMER,10847,4354,5,671,TULSA,1.0,False,,,
40079,OK,LE FLORE,45308,17188,18,670,FORT SMITH-FAY-SPRNGDL,1.0,False,,,
40081,OK,LINCOLN,30700,11903,10,650,OKLAHOMA CITY,1.0,False,36420,Oklahoma City OK,Metro
40083,OK,LOGAN,32551,11906,8,650,OKLAHOMA CITY,1.0,False,36420,Oklahoma City OK,Metro
40085,OK,LOVE,9719,3768,5,657,SHERMAN-ADA,1.0,False,,,
40087,OK,MCCLAIN,46666,16992,7,650,OKLAHOMA CITY,1.0,False,36420,Oklahoma City OK,Metro
40089,OK,MCCURTAIN,31600,12371,16,612,SHREVEPORT,1.0,False,,,
40091,OK,MCINTOSH,19331,8245,6,671,TULSA,1.0,False,,,
40093,OK,MAJOR,7477,2946,7,650,OKLAHOMA CITY,1.0,False,,,
40095,OK,MARSHALL,15367,6116,3,657,SHERMAN-ADA,1.0,False,,,
40097,OK,MAYES,38908,15008,11,671,TULSA,1.0,False,,,
40099,OK,MURRAY,13436,5215,4,650,OKLAHOMA CITY,1.0,False,,,
40101,OK,MUSKOGEE,71906,27549,15,671,TULSA,1.0,False,34780,Muskogee OK,Micro
40103,OK,NOBLE,10145,4033,6,650,OKLAHOMA CITY,1.0,False,,,
40105,OK,NOWATA,9418,3801,5,671,TULSA,1.0,False,,,
40107,OK,OKFUSKEE,11435,4050,5,671,TULSA,1.0,False,,,
40109,OK,OKLAHOMA,848479,336062,85,650,OKLAHOMA CITY,1.0,False,36420,Oklahoma City OK,Metro
40111,OK,OKMULGEE,33540,12912,7,671,TULSA,1.0,False,46140,Tulsa OK,Metro
40113,OK,OSAGE,15903,5987,10,671,TULSA,1.0,False,46140,Tulsa OK,Metro
40115,OK,OTTAWA,35759,14446,10,603,JOPLIN-PITTSBURG,1.0,False,33060,Miami OK,Micro
40117,OK,PAWNEE,15927,6160,7,671,TULSA,1.0,False,46140,Tulsa OK,Metro
40119,OK,PAYNE,82584,31386,10,650,OKLAHOMA CITY,1.0,False,44660,Stillwater OK,Micro
40121,OK,PITTSBURG,41297,16177,16,671,TULSA,1.0,False,32540,McAlester OK,Micro
40123,OK,PONTOTOC,38448,15296,8,657,SHERMAN-ADA,1.0,False,10220,Ada OK,Micro
40125,OK,POTTAWATOMIE,74555,27574,11,650,OKLAHOMA CITY,1.0,False,43060,Shawnee OK,Micro
40127,OK,PUSHMATAHA,10528,4380,9,657,SHERMAN-ADA,1.0,False,,,
40129,OK,ROGER MILLS,3566,1394,6,650,OKLAHOMA CITY,1.0,False,,,
40131,OK,ROGERS,78462,29475,9,671,TULSA,1.0,False,46140,Tulsa OK,Metro
40133,OK,SEMINOLE,21686,8303,7,650,OKLAHOMA CITY,1.0,False,,,
40135,OK,SEQUOYAH,39603,15465,8,670,FORT SMITH-FAY-SPRNGDL,1.0,False,22900,Fort Smith AR-OK,Metro
40137,OK,STEPHENS,43519,17519,9,627,WICHITA FALLS-LAWTON,1.0,False,20340,Duncan OK,Micro
40139,OK,TEXAS,21346,7366,7,634,AMARILLO,1.0,False,25100,Guymon OK,Micro
40141,OK,TILLMAN,6804,2736,7,627,WICHITA FALLS-LAWTON,1.0,False,,,
40143,OK,TULSA,719712,285502,64,671,TULSA,1.0,False,46140,Tulsa OK,Metro
40145,OK,WAGONER,74860,27559,7,671,TULSA,1.0,False,46140,Tulsa OK,Metro
40147,OK,WASHINGTON,52361,21117,9,671,TULSA,1.0,False,12780,Bartlesville OK,Micro
40149,OK,WASHITA,10373,4057,10,650,OKLAHOMA CITY,1.0,False,48220,Weatherford OK,Micro
40151,OK,WOODS,8658,3361,5,650,OKLAHOMA CITY,1.0,False,,,
40153,OK,WOODWARD,20130,7594,6,650,OKLAHOMA CITY,1.0,False,49260,Woodward OK,Micro
41001,OR,BAKER,16737,7244,11,820,"PORTLAND, OR",1.0,False,12520,Baker City OR,Micro
41003,OR,BENTON,85363,33977,8,801,EUGENE,1.0,False,18700,Corvallis OR,Metro
41005,OR,CLACKAMAS,413959,158283,27,820,"PORTLAND, OR",1.0,False,38900,Portland-Vancouver-Hillsboro OR-WA,Metro
41007,OR,CLATSOP,40082,17114,7,820,"PORTLAND, OR",1.0,False,11820,Astoria OR,Micro
41009,OR,COLUMBIA,53780,20977,8,820,"PORTLAND, OR",1.0,False,38900,Portland-Vancouver-Hillsboro OR-WA,Metro
41011,OR,COOS,64989,27681,9,801,EUGENE,1.0,False,18300,Coos Bay-North Bend OR,Micro
41013,OR,CROOK,24442,9871,4,820,"PORTLAND, OR",1.0,False,13460,Bend OR,Metro
41015,OR,CURRY,23442,10959,8,813,MEDFORD-KLAMATH FALLS,1.0,False,15060,Brookings OR,Micro
41017,OR,DESCHUTES,196734,79702,10,821,"BEND, OR",1.0,False,13460,Bend OR,Metro
41019,OR,DOUGLAS,110707,45619,26,801,EUGENE,1.0,False,40700,Roseburg OR,Micro
41021,OR,GILLIAM,1954,851,3,820,"PORTLAND, OR",1.0,False,,,
41023,OR,GRANT,7150,3263,10,820,"PORTLAND, OR",1.0,False,,,
41025,OR,HARNEY,7501,3179,9,820,"PORTLAND, OR",1.0,False,,,
41027,OR,HOOD RIVER,24108,9016,4,820,"PORTLAND, OR",1.0,False,26220,Hood River OR,Micro
41029,OR,JACKSON,221484,89690,15,813,MEDFORD-KLAMATH FALLS,1.0,False,32780,Medford OR,Metro
41031,OR,JEFFERSON,28691,10290,6,820,"PORTLAND, OR",1.0,False,13460,Bend OR,Metro
41033,OR,JOSEPHINE,89829,36797,12,813,MEDFORD-KLAMATH FALLS,1.0,False,24420,Grants Pass OR,Metro
41035,OR,KLAMATH,67750,27899,18,813,MEDFORD-KLAMATH FALLS,1.0,False,28900,Klamath Falls OR,Micro
41037,OR,LAKE,8276,3451,9,813,MEDFORD-KLAMATH FALLS,1.0,False,,,
41039,OR,LANE,383214,156708,37,801,EUGENE,1.0,False,21660,Eugene-Springfield OR,Metro
41041,OR,LINCOLN,50038,22536,16,820,"PORTLAND, OR",1.0,False,35440,Newport OR,Micro
41043,OR,LINN,138703,52971,16,820,"PORTLAND, OR",1.0,False,10540,Albany OR,Metro
41045,OR,MALHEUR,31578,10482,13,757,BOISE,1.0,False,36620,Ontario OR-ID,Micro
41047,OR,MARION,349046,123634,32,820,"PORTLAND, OR",1.0,False,41420,Salem OR,Metro
41049,OR,MORROW,12121,4170,5,820,"PORTLAND, OR",1.0,False,25840,Hermiston-Pendleton OR,Micro
41051,OR,MULTNOMAH,807724,338326,54,820,"PORTLAND, OR",1.0,False,38900,Portland-Vancouver-Hillsboro OR-WA,Metro
41053,OR,POLK,85642,31503,7,820,"PORTLAND, OR",1.0,False,41420,Salem OR,Metro
41055,OR,SHERMAN,1870,826,5,820,"PORTLAND, OR",1.0,False,,,
41057,OR,TILLAMOOK,27429,11734,14,820,"PORTLAND, OR",1.0,False,,,
41059,OR,UMATILLA,80097,28404,13,810,YAKIMA-PASCO-RCHLND-KNNWCK,1.0,False,25840,Hermiston-Pendleton OR,Micro
41061,OR,UNION,26215,10776,7,820,"PORTLAND, OR",1.0,False,29260,La Grande OR,Micro
41063,OR,WALLOWA,7388,3373,5,881,SPOKANE,1.0,False,,,
41065,OR,WASCO,25901,10298,7,820,"PORTLAND, OR",1.0,False,45520,The Dalles OR,Micro
41067,OR,WASHINGTON,613739,231569,31,820,"PORTLAND, OR",1.0,False,38900,Portland-Vancouver-Hillsboro OR-WA,Metro
41069,OR,WHEELER,1461,692,3,820,"PORTLAND, OR",1.0,False,,,
41071,OR,YAMHILL,107953,38103,10,820,"PORTLAND, OR",1.0,False,38900,Portland-Vancouver-Hillsboro OR-WA,Metro
42001,PA,ADAMS,97984,37988,18,566,HARRISBURG-LANCASTER-LEBANON-YORK,1.0,False,23900,Gettysburg PA,Metro
42003,PA,ALLEGHENY,1230176,543849,140,508,PITTSBURGH,1.0,False,38300,Pittsburgh PA,Metro
42005,PA,ARMSTRONG,59421,25424,26,508,PITTSBURGH,1.0,False,38300,Pittsburgh PA,Metro
42007,PA,BEAVER,165435,70584,21,508,PITTSBURGH,1.0,False,38300,Pittsburgh PA,Metro
42009,PA,BEDFORD,46862,19791,24,574,JOHNSTOWN-ALTOONA,1.0,False,,,
42011,PA,BERKS,427942,160978,53,504,PHILADELPHIA,1.0,False,39740,Reading PA,Metro
42013,PA,BLAIR,125583,52281,16,574,JOHNSTOWN-ALTOONA,1.0,False,11020,Altoona PA,Metro
42015,PA,BRADFORD,59513,24628,25,577,WILKES BARRE-SCRANTON,1.0,False,42380,Sayre PA,Micro
42017,PA,BUCKS,634447,240781,67,504,PHILADELPHIA,1.0,False,37980,Philadelphia-Camden-Wilmington PA-NJ-DE-MD,Metro
42019,PA,BUTLER,198860,80433,36,508,PITTSBURGH,1.0,False,38300,Pittsburgh PA,Metro
42021,PA,CAMBRIA,134344,56765,52,574,JOHNSTOWN-ALTOONA,1.0,False,27780,Johnstown PA,Metro
42023,PA,CAMERON,4526,2122,3,574,JOHNSTOWN-ALTOONA,1.0,False,,,
42025,PA,CARBON,64758,26740,15,577,WILKES BARRE-SCRANTON,1.0,False,10900,Allentown-Bethlehem-Easton PA-NJ,Metro
42027,PA,CENTRE,160765,59828,31,574,JOHNSTOWN-ALTOONA,1.0,False,44300,State College PA,Metro
42029,PA,CHESTER,520940,191736,62,504,PHILADELPHIA,1.0,False,37980,Philadelphia-Camden-Wilmington PA-NJ-DE-MD,Metro
42031,PA,CLARION,36726,15126,29,508,PITTSBURGH,1.0,False,,,
42033,PA,CLEARFIELD,76364,31343,48,574,JOHNSTOWN-ALTOONA,1.0,False,20180,DuBois PA,Micro
42035,PA,CLINTON,35201,14281,13,577,WILKES BARRE-SCRANTON,1.0,False,30820,Lock Haven PA,Micro
42037,PA,COLUMBIA,67825,27622,11,577,WILKES BARRE-SCRANTON,1.0,False,14100,Bloomsburg-Berwick PA,Micro
42039,PA,CRAWFORD,83148,33507,21,516,ERIE,1.0,False,32740,Meadville PA,Micro
42041,PA,CUMBERLAND,261489,103524,19,566,HARRISBURG-LANCASTER-LEBANON-YORK,1.0,False,25420,Harrisburg-Carlisle PA,Metro
42043,PA,DAUPHIN,282154,115041,42,566,HARRISBURG-LANCASTER-LEBANON-YORK,0.9982,True,25420,Harrisburg-Carlisle PA,Metro
42045,PA,DELAWARE,603718,225407,48,504,PHILADELPHIA,1.0,False,37980,Philadelphia-Camden-Wilmington PA-NJ-DE-MD,Metro
42047,PA,ELK,30880,13463,14,574,JOHNSTOWN-ALTOONA,1.0,False,41260,St. Marys PA,Micro
42049,PA,ERIE,274171,110765,46,516,ERIE,1.0,False,21500,Erie PA,Metro
42051,PA,FAYETTE,138401,57971,61,508,PITTSBURGH,1.0,False,38300,Pittsburgh PA,Metro
42053,PA,FOREST,7565,2283,7,508,PITTSBURGH,1.0,False,,,
42055,PA,FRANKLIN,145577,58149,31,566,HARRISBURG-LANCASTER-LEBANON-YORK,1.0,False,16540,Chambersburg PA,Metro
42057,PA,FULTON,14399,5997,11,511,"WASHINGTON, DC-HAGRSTWN",1.0,False,,,
42059,PA,GREENE,36094,14140,23,508,PITTSBURGH,1.0,False,,,
42061,PA,HUNTINGDON,43720,16689,27,574,JOHNSTOWN-ALTOONA,1.0,False,26500,Huntingdon PA,Micro
42063,PA,INDIANA,85384,34269,46,508,PITTSBURGH,1.0,False,26860,Indiana PA,Micro
42065,PA,JEFFERSON,45640,19202,23,574,JOHNSTOWN-ALTOONA,1.0,False,,,
42067,PA,JUNIATA,22434,8832,11,566,HARRISBURG-LANCASTER-LEBANON-YORK,1.0,False,,,
42069,PA,LACKAWANNA,214701,88276,32,577,WILKES BARRE-SCRANTON,1.0,False,42540,Scranton--Wilkes-Barre PA,Metro
42071,PA,LANCASTER,553329,206916,72,566,HARRISBURG-LANCASTER-LEBANON-YORK,1.0,False,29540,Lancaster PA,Metro
42073,PA,LAWRENCE,92472,38444,19,508,PITTSBURGH,1.0,False,38300,Pittsburgh PA,Metro
42075,PA,LEBANON,146068,56741,18,566,HARRISBURG-LANCASTER-LEBANON-YORK,1.0,False,30140,Lebanon PA,Metro
42077,PA,LEHIGH,353498,133881,33,504,PHILADELPHIA,1.0,False,10900,Allentown-Bethlehem-Easton PA-NJ,Metro
42079,PA,LUZERNE,325327,134500,57,577,WILKES BARRE-SCRANTON,1.0,False,42540,Scranton--Wilkes-Barre PA,Metro
42081,PA,LYCOMING,120665,47851,23,577,WILKES BARRE-SCRANTON,1.0,False,48700,Williamsport PA,Metro
42083,PA,MCKEAN,40207,16389,19,514,BUFFALO,1.0,False,14620,Bradford PA,Micro
42085,PA,MERCER,108962,45074,20,536,YOUNGSTOWN,1.0,False,25850,Hermitage PA,Micro
42087,PA,MIFFLIN,42704,17464,11,566,HARRISBURG-LANCASTER-LEBANON-YORK,1.0,False,30380,Lewistown PA,Micro
42089,PA,MONROE,167243,61928,35,577,WILKES BARRE-SCRANTON,1.0,False,20700,East Stroudsburg PA,Micro
42091,PA,MONTGOMERY,853408,328584,83,504,PHILADELPHIA,1.0,False,37980,Philadelphia-Camden-Wilmington PA-NJ-DE-MD,Metro
42093,PA,MONTOUR,18898,7821,3,577,WILKES BARRE-SCRANTON,1.0,False,44980,Sunbury PA,Micro
42095,PA,NORTHAMPTON,337100,131411,30,504,PHILADELPHIA,1.0,False,10900,Allentown-Bethlehem-Easton PA-NJ,Metro
42097,PA,NORTHUMBERLAND,90742,37636,25,577,WILKES BARRE-SCRANTON,1.0,False,44980,Sunbury PA,Micro
42099,PA,PERRY,47817,18814,14,566,HARRISBURG-LANCASTER-LEBANON-YORK,1.0,False,25420,Harrisburg-Carlisle PA,Metro
42101,PA,PHILADELPHIA,1604163,658124,85,504,PHILADELPHIA,1.0,False,37980,Philadelphia-Camden-Wilmington PA-NJ-DE-MD,Metro
42103,PA,PIKE,61555,24948,14,501,NEW YORK,0.8,True,25770,Hemlock Farms PA,Micro
42105,PA,POTTER,16533,7131,11,514,BUFFALO,1.0,False,,,
42107,PA,SCHUYLKILL,142904,57844,57,577,WILKES BARRE-SCRANTON,1.0,False,39060,Pottsville PA,Micro
42109,PA,SNYDER,40051,14961,15,577,WILKES BARRE-SCRANTON,0.8877,True,42780,Selinsgrove PA,Micro
42111,PA,SOMERSET,74684,30384,40,574,JOHNSTOWN-ALTOONA,1.0,False,43740,Somerset PA,Micro
42113,PA,SULLIVAN,5655,2568,9,577,WILKES BARRE-SCRANTON,1.0,False,,,
42115,PA,SUSQUEHANNA,40523,17155,27,577,WILKES BARRE-SCRANTON,1.0,False,,,
42117,PA,TIOGA,41760,17204,21,565,ELMIRA,1.0,False,,,
42119,PA,UNION,39949,14636,12,577,WILKES BARRE-SCRANTON,1.0,False,30260,Lewisburg PA,Micro
42121,PA,VENANGO,48560,20702,14,508,PITTSBURGH,1.0,False,36340,Oil City PA,Micro
42123,PA,WARREN,37249,16063,20,516,ERIE,1.0,False,47620,Warren PA,Micro
42125,PA,WASHINGTON,216645,90019,57,508,PITTSBURGH,1.0,False,38300,Pittsburgh PA,Metro
42127,PA,WAYNE,46084,18551,24,577,WILKES BARRE-SCRANTON,1.0,False,,,
42129,PA,WESTMORELAND,353690,152545,85,508,PITTSBURGH,1.0,False,38300,Pittsburgh PA,Metro
42131,PA,WYOMING,26353,10815,8,577,WILKES BARRE-SCRANTON,1.0,False,42540,Scranton--Wilkes-Barre PA,Metro
42133,PA,YORK,470750,183672,49,566,HARRISBURG-LANCASTER-LEBANON-YORK,1.0,False,49620,York-Hanover PA,Metro
44001,RI,BRISTOL,51024,20042,4,521,PROVIDENCE-NEW BEDFORD,1.0,False,39300,Providence-Warwick RI-MA,Metro
44003,RI,KENT,170123,71981,9,521,PROVIDENCE-NEW BEDFORD,1.0,False,39300,Providence-Warwick RI-MA,Metro
44005,RI,NEWPORT,85411,36364,8,521,PROVIDENCE-NEW BEDFORD,1.0,False,39300,Providence-Warwick RI-MA,Metro
44007,RI,PROVIDENCE,661053,260486,46,521,PROVIDENCE-NEW BEDFORD,1.0,False,39300,Providence-Warwick RI-MA,Metro
44009,RI,WASHINGTON,129839,52439,23,521,PROVIDENCE-NEW BEDFORD,1.0,False,39300,Providence-Warwick RI-MA,Metro
45001,SC,ABBEVILLE,19608,7888,5,567,GREENVILLE-SPARTANBURG-ASHEVILLE,1.0,False,24940,Greenwood SC,Micro
45003,SC,AIKEN,154557,63976,23,520,AUGUSTA,1.0,False,12260,Augusta-Richmond County GA-SC,Metro
45005,SC,ALLENDALE,8134,3318,5,520,AUGUSTA,1.0,False,,,
45007,SC,ANDERSON,183083,72985,16,567,GREENVILLE-SPARTANBURG-ASHEVILLE,1.0,False,24860,Greenville-Anderson-Greer SC,Metro
45009,SC,BAMBERG,12836,5175,4,520,AUGUSTA,1.0,False,,,
45011,SC,BARNWELL,21558,8833,5,520,AUGUSTA,1.0,False,,,
45013,SC,BEAUFORT,188683,77339,20,507,SAVANNAH,1.0,False,25940,Hilton Head Island-Bluffton-Port Royal SC,Metro
45015,SC,BERKELEY,246147,92276,15,519,"CHARLESTON, SC",1.0,False,16700,Charleston-North Charleston SC,Metro
45017,SC,CALHOUN,9901,4148,2,546,"COLUMBIA, SC",1.0,False,17900,Columbia SC,Metro
45019,SC,CHARLESTON,391760,166612,34,519,"CHARLESTON, SC",1.0,False,16700,Charleston-North Charleston SC,Metro
45021,SC,CHEROKEE,50458,20033,4,567,GREENVILLE-SPARTANBURG-ASHEVILLE,1.0,False,23500,Gaffney SC,Micro
45023,SC,CHESTER,32664,13087,7,517,CHARLOTTE,1.0,False,16740,Charlotte-Concord-Gastonia NC-SC,Metro
45025,SC,CHESTERFIELD,41269,16666,8,517,CHARLOTTE,1.0,False,,,
45027,SC,CLARENDON,29860,12028,8,546,"COLUMBIA, SC",1.0,False,,,
45029,SC,COLLETON,38602,15874,12,519,"CHARLESTON, SC",1.0,False,,,
45031,SC,DARLINGTON,60508,24680,7,570,MYRTLE BEACH-FLORENCE,1.0,False,22500,Florence SC,Metro
45033,SC,DILLON,27806,11029,6,570,MYRTLE BEACH-FLORENCE,1.0,False,,,
45035,SC,DORCHESTER,160437,59816,10,519,"CHARLESTON, SC",1.0,False,16700,Charleston-North Charleston SC,Metro
45037,SC,EDGEFIELD,34704,13102,4,520,AUGUSTA,1.0,False,12260,Augusta-Richmond County GA-SC,Metro
45039,SC,FAIRFIELD,20801,9089,5,546,"COLUMBIA, SC",1.0,False,17900,Columbia SC,Metro
45041,SC,FLORENCE,144720,57795,14,570,MYRTLE BEACH-FLORENCE,1.0,False,22500,Florence SC,Metro
45043,SC,GEORGETOWN,54417,22866,4,519,"CHARLESTON, SC",1.0,False,34680,Murrells Inlet SC,Micro
45045,SC,GREENVILLE,558613,221451,32,567,GREENVILLE-SPARTANBURG-ASHEVILLE,1.0,False,24860,Greenville-Anderson-Greer SC,Metro
45047,SC,GREENWOOD,72320,29335,10,567,GREENVILLE-SPARTANBURG-ASHEVILLE,1.0,False,24940,Greenwood SC,Micro
45049,SC,HAMPTON,22293,8786,13,507,SAVANNAH,1.0,False,,,
45051,SC,HORRY,362527,155664,21,570,MYRTLE BEACH-FLORENCE,1.0,False,34820,Myrtle Beach-Conway-North Myrtle Beach SC,Metro
45053,SC,JASPER,24709,9245,5,507,SAVANNAH,1.0,False,25940,Hilton Head Island-Bluffton-Port Royal SC,Metro
45055,SC,KERSHAW,74972,29380,8,546,"COLUMBIA, SC",1.0,False,17900,Columbia SC,Metro
45057,SC,LANCASTER,98765,39075,7,517,CHARLOTTE,1.0,False,16740,Charlotte-Concord-Gastonia NC-SC,Metro
45059,SC,LAURENS,55134,21912,7,567,GREENVILLE-SPARTANBURG-ASHEVILLE,1.0,False,24860,Greenville-Anderson-Greer SC,Metro
45061,SC,LEE,14227,5536,3,546,"COLUMBIA, SC",1.0,False,,,
45063,SC,LEXINGTON,307779,122027,17,546,"COLUMBIA, SC",1.0,False,17900,Columbia SC,Metro
45065,SC,MCCORMICK,10440,4446,7,520,AUGUSTA,1.0,False,,,
45067,SC,MARION,28343,11862,6,570,MYRTLE BEACH-FLORENCE,1.0,False,,,
45069,SC,MARLBORO,26600,10188,6,570,MYRTLE BEACH-FLORENCE,1.0,False,,,
45071,SC,NEWBERRY,40145,16038,9,546,"COLUMBIA, SC",1.0,False,35140,Newberry SC,Micro
45073,SC,OCONEE,78776,33302,13,567,GREENVILLE-SPARTANBURG-ASHEVILLE,1.0,False,42860,Seneca SC,Micro
45075,SC,ORANGEBURG,86433,34850,18,546,"COLUMBIA, SC",1.0,False,36700,Orangeburg SC,Micro
45077,SC,PICKENS,147344,55883,13,567,GREENVILLE-SPARTANBURG-ASHEVILLE,1.0,False,24860,Greenville-Anderson-Greer SC,Metro
45079,SC,RICHLAND,397721,159026,40,546,"COLUMBIA, SC",1.0,False,17900,Columbia SC,Metro
45081,SC,SALUDA,13922,5392,3,546,"COLUMBIA, SC",1.0,False,17900,Columbia SC,Metro
45083,SC,SPARTANBURG,320493,123531,38,567,GREENVILLE-SPARTANBURG-ASHEVILLE,1.0,False,43900,Spartanburg SC,Metro
45085,SC,SUMTER,106910,42572,11,546,"COLUMBIA, SC",1.0,False,44940,Sumter SC,Metro
45087,SC,UNION,26191,11219,6,567,GREENVILLE-SPARTANBURG-ASHEVILLE,1.0,False,43900,Spartanburg SC,Metro
45089,SC,WILLIAMSBURG,28610,11527,7,519,"CHARLESTON, SC",1.0,False,,,
45091,SC,YORK,282645,108050,16,517,CHARLOTTE,1.0,False,16740,Charlotte-Concord-Gastonia NC-SC,Metro
46003,SD,AURORA,2674,1055,3,725,SIOUX FALLS (MITCHELL),1.0,False,,,
46005,SD,BEADLE,18810,7311,8,725,SIOUX FALLS (MITCHELL),1.0,False,26700,Huron SD,Micro
46007,SD,BENNETT,3100,1022,3,764,RAPID CITY,1.0,False,,,
46009,SD,BON HOMME,7412,2453,5,725,SIOUX FALLS (MITCHELL),1.0,False,,,
46011,SD,BROOKINGS,34093,13001,8,725,SIOUX FALLS (MITCHELL),1.0,False,15100,Brookings SD,Micro
46013,SD,BROWN,38642,16162,15,725,SIOUX FALLS (MITCHELL),1.0,False,10100,Aberdeen SD,Micro
46015,SD,BRULE,5334,2049,4,725,SIOUX FALLS (MITCHELL),1.0,False,,,
46017,SD,BUFFALO,1550,388,2,725,SIOUX FALLS (MITCHELL),1.0,False,,,
46019,SD,BUTTE,10534,4318,4,764,RAPID CITY,1.0,False,,,
46021,SD,CAMPBELL,1229,568,3,725,SIOUX FALLS (MITCHELL),1.0,False,,,
46023,SD,CHARLES MIX,9397,3069,7,725,SIOUX FALLS (MITCHELL),1.0,False,,,
46025,SD,CLARK,3896,1356,7,725,SIOUX FALLS (MITCHELL),1.0,False,,,
46027,SD,CLAY,15099,5640,4,725,SIOUX FALLS (MITCHELL),1.0,False,46820,Vermillion SD,Micro
46029,SD,CODINGTON,28283,12013,6,725,SIOUX FALLS (MITCHELL),1.0,False,47980,Watertown SD,Micro
46031,SD,CORSON,3784,1154,10,687,MINOT-BISMARCK-DICKINSON,1.0,False,,,
46033,SD,CUSTER,8416,3690,5,764,RAPID CITY,1.0,False,39660,Rapid City SD,Metro
46035,SD,DAVISON,20729,8773,3,725,SIOUX FALLS (MITCHELL),1.0,False,33580,Mitchell SD,Micro
46037,SD,DAY,5519,2382,7,725,SIOUX FALLS (MITCHELL),1.0,False,,,
46039,SD,DEUEL,4219,1733,6,725,SIOUX FALLS (MITCHELL),1.0,False,,,
46041,SD,DEWEY,5780,1874,7,725,SIOUX FALLS (MITCHELL),1.0,False,,,
46043,SD,DOUGLAS,2974,1143,5,725,SIOUX FALLS (MITCHELL),1.0,False,,,
46045,SD,EDMUNDS,3932,1527,4,725,SIOUX FALLS (MITCHELL),1.0,False,10100,Aberdeen SD,Micro
46047,SD,FALL RIVER,7631,3532,5,764,RAPID CITY,1.0,False,,,
46049,SD,FAULK,2035,704,5,725,SIOUX FALLS (MITCHELL),1.0,False,,,
46051,SD,GRANT,7664,3249,8,725,SIOUX FALLS (MITCHELL),1.0,False,,,
46053,SD,GREGORY,4248,1816,7,725,SIOUX FALLS (MITCHELL),1.0,False,,,
46055,SD,HAAKON,2045,829,3,764,RAPID CITY,1.0,False,,,
46057,SD,HAMLIN,6253,2199,6,725,SIOUX FALLS (MITCHELL),1.0,False,,,
46059,SD,HAND,2878,1249,4,725,SIOUX FALLS (MITCHELL),1.0,False,,,
46061,SD,HANSON,2747,943,3,725,SIOUX FALLS (MITCHELL),1.0,False,33580,Mitchell SD,Micro
46063,SD,HARDING,1265,518,6,764,RAPID CITY,1.0,False,,,
46065,SD,HUGHES,18105,7407,3,725,SIOUX FALLS (MITCHELL),1.0,False,38180,Pierre SD,Micro
46067,SD,HUTCHINSON,7327,2881,7,725,SIOUX FALLS (MITCHELL),1.0,False,,,
46069,SD,HYDE,1241,512,3,725,SIOUX FALLS (MITCHELL),1.0,False,,,
46071,SD,JACKSON,2646,808,5,764,RAPID CITY,1.0,False,,,
46073,SD,JERAULD,1756,778,3,725,SIOUX FALLS (MITCHELL),1.0,False,,,
46075,SD,JONES,889,393,3,764,RAPID CITY,1.0,False,,,
46077,SD,KINGSBURY,6147,2530,7,725,SIOUX FALLS (MITCHELL),1.0,False,,,
46079,SD,LAKE,11123,4594,7,725,SIOUX FALLS (MITCHELL),1.0,False,,,
46081,SD,LAWRENCE,25166,11136,7,764,RAPID CITY,1.0,False,43940,Spearfish SD,Micro
46083,SD,LINCOLN,58108,22396,8,725,SIOUX FALLS (MITCHELL),1.0,False,43620,Sioux Falls SD-MN,Metro
46085,SD,LYMAN,3617,1259,6,725,SIOUX FALLS (MITCHELL),1.0,False,,,
46087,SD,MCCOOK,5623,2153,5,725,SIOUX FALLS (MITCHELL),1.0,False,43620,Sioux Falls SD-MN,Metro
46089,SD,MCPHERSON,2068,935,3,725,SIOUX FALLS (MITCHELL),1.0,False,,,
46091,SD,MARSHALL,4084,1679,6,725,SIOUX FALLS (MITCHELL),1.0,False,,,
46093,SD,MEADE,26103,10162,11,764,RAPID CITY,1.0,False,39660,Rapid City SD,Metro
46095,SD,MELLETTE,1788,632,3,725,SIOUX FALLS (MITCHELL),1.0,False,,,
46097,SD,MINER,2251,921,4,725,SIOUX FALLS (MITCHELL),1.0,False,,,
46099,SD,MINNEHAHA,203839,80998,25,725,SIOUX FALLS (MITCHELL),1.0,False,43620,Sioux Falls SD-MN,Metro
46101,SD,MOODY,5400,2111,4,725,SIOUX FALLS (MITCHELL),1.0,False,,,
46102,SD,OGLALA LAKOTA,13721,3213,7,764,RAPID CITY,1.0,False,,,
46103,SD,PENNINGTON,113596,46450,14,764,RAPID CITY,1.0,False,39660,Rapid City SD,Metro
46105,SD,PERKINS,2957,1299,5,764,RAPID CITY,1.0,False,,,
46107,SD,POTTER,2783,1223,4,725,SIOUX FALLS (MITCHELL),1.0,False,,,
46109,SD,ROBERTS,9855,3577,9,725,SIOUX FALLS (MITCHELL),1.0,False,,,
46111,SD,SANBORN,2516,1023,3,725,SIOUX FALLS (MITCHELL),1.0,False,33580,Mitchell SD,Micro
46115,SD,SPINK,6384,2561,10,725,SIOUX FALLS (MITCHELL),1.0,False,,,
46117,SD,STANLEY,2931,1230,2,725,SIOUX FALLS (MITCHELL),1.0,False,38180,Pierre SD,Micro
46119,SD,SULLY,1105,468,2,725,SIOUX FALLS (MITCHELL),1.0,False,,,
46121,SD,TODD,8340,2279,5,725,SIOUX FALLS (MITCHELL),1.0,False,,,
46123,SD,TRIPP,5581,2204,5,725,SIOUX FALLS (MITCHELL),1.0,False,,,
46125,SD,TURNER,8617,3419,8,725,SIOUX FALLS (MITCHELL),1.0,False,43620,Sioux Falls SD-MN,Metro
46127,SD,UNION,17402,7077,5,624,SIOUX CITY,1.0,False,43580,Sioux City IA-NE-SD,Metro
46129,SD,WALWORTH,5496,2344,5,725,SIOUX FALLS (MITCHELL),1.0,False,,,
46135,SD,YANKTON,22847,9229,6,725,SIOUX FALLS (MITCHELL),1.0,False,49460,Yankton SD,Micro
46137,SD,ZIEBACH,1224,367,2,764,RAPID CITY,1.0,False,,,
47001,TN,ANDERSON,70997,29631,8,557,KNOXVILLE,1.0,False,28940,Knoxville TN,Metro
47003,TN,BEDFORD,50725,18590,7,659,NASHVILLE,1.0,False,43180,Shelbyville TN,Micro
47005,TN,BENTON,16061,7016,4,659,NASHVILLE,1.0,False,,,
47007,TN,BLEDSOE,11835,3807,1,575,CHATTANOOGA,1.0,False,,,
47009,TN,BLOUNT,128344,52066,11,557,KNOXVILLE,1.0,False,28940,Knoxville TN,Metro
47011,TN,BRADLEY,107027,41128,7,575,CHATTANOOGA,1.0,False,17420,Cleveland TN,Metro
47013,TN,CAMPBELL,39445,16261,7,557,KNOXVILLE,1.0,False,28940,Knoxville TN,Metro
47015,TN,CANNON,15072,6005,4,659,NASHVILLE,1.0,False,34980,Nashville-Davidson--Murfreesboro--Franklin TN,Metro
47017,TN,CARROLL,31758,12830,13,639,"JACKSON, TN",1.0,False,,,
47019,TN,CARTER,44570,19012,6,531,"TRI-CITIES, TN-VA",1.0,False,27740,Johnson City TN,Metro
47021,TN,CHEATHAM,40294,15304,5,659,NASHVILLE,1.0,False,34980,Nashville-Davidson--Murfreesboro--Franklin TN,Metro
47023,TN,CHESTER,14824,5473,4,639,"JACKSON, TN",1.0,False,27180,Jackson TN,Metro
47025,TN,CLAIBORNE,33645,13975,12,557,KNOXVILLE,1.0,False,,,
47027,TN,CLAY,5093,2201,2,659,NASHVILLE,1.0,False,,,
47029,TN,COCKE,37241,15816,7,557,KNOXVILLE,1.0,False,35460,Newport TN,Micro
47031,TN,COFFEE,61040,24090,7,659,NASHVILLE,1.0,False,46100,Tullahoma-Manchester TN,Micro
47033,TN,CROCKETT,14063,5662,7,640,MEMPHIS,1.0,False,27180,Jackson TN,Metro
47035,TN,CUMBERLAND,56664,25028,7,557,KNOXVILLE,1.0,False,18900,Crossville TN,Micro
47037,TN,DAVIDSON,730149,305478,49,659,NASHVILLE,1.0,False,34980,Nashville-Davidson--Murfreesboro--Franklin TN,Metro
47039,TN,DECATUR,12083,5130,5,659,NASHVILLE,1.0,False,,,
47041,TN,DEKALB,20329,8056,4,659,NASHVILLE,1.0,False,,,
47043,TN,DICKSON,55068,21447,8,659,NASHVILLE,1.0,False,34980,Nashville-Davidson--Murfreesboro--Franklin TN,Metro
47045,TN,DYER,35662,14381,8,640,MEMPHIS,1.0,False,20540,Dyersburg TN,Micro
47047,TN,FAYETTE,30198,12038,10,640,MEMPHIS,1.0,False,32820,Memphis TN-MS-AR,Metro
47049,TN,FENTRESS,18379,7627,5,557,KNOXVILLE,1.0,False,,,
47051,TN,FRANKLIN,39117,15468,9,659,NASHVILLE,1.0,False,49010,Winchester TN,Micro
47053,TN,GIBSON,56041,22369,12,639,"JACKSON, TN",1.0,False,27180,Jackson TN,Metro
47055,TN,GILES,29555,11955,7,659,NASHVILLE,1.0,False,,,
47057,TN,GRAINGER,24573,10138,6,557,KNOXVILLE,1.0,False,28940,Knoxville TN,Metro
47059,TN,GREENE,67974,27837,8,531,"TRI-CITIES, TN-VA",1.0,False,24620,Greeneville TN,Micro
47061,TN,GRUNDY,14579,5812,8,575,CHATTANOOGA,1.0,False,,,
47063,TN,HAMBLEN,68617,26882,8,557,KNOXVILLE,1.0,False,34100,Morristown TN,Metro
47065,TN,HAMILTON,368320,149782,33,575,CHATTANOOGA,1.0,False,16860,Chattanooga TN-GA,Metro
47067,TN,HANCOCK,5418,2263,2,557,KNOXVILLE,1.0,False,,,
47069,TN,HARDEMAN,26424,9526,10,640,MEMPHIS,1.0,False,,,
47071,TN,HARDIN,23765,9978,8,639,"JACKSON, TN",1.0,False,,,
47073,TN,HAWKINS,55043,22894,7,531,"TRI-CITIES, TN-VA",1.0,False,28700,Kingsport-Bristol TN-VA,Metro
47075,TN,HAYWOOD,16399,6795,2,640,MEMPHIS,1.0,False,,,
47077,TN,HENDERSON,25703,10527,6,639,"JACKSON, TN",1.0,False,,,
47079,TN,HENRY,31857,13597,8,659,NASHVILLE,1.0,False,37540,Paris TN,Micro
47081,TN,HICKMAN,25332,9334,6,659,NASHVILLE,1.0,False,34980,Nashville-Davidson--Murfreesboro--Franklin TN,Metro
47083,TN,HOUSTON,8120,3205,3,659,NASHVILLE,1.0,False,,,
47085,TN,HUMPHREYS,19253,7683,4,659,NASHVILLE,1.0,False,,,
47087,TN,JACKSON,8004,3541,3,659,NASHVILLE,1.0,False,18260,Cookeville TN,Micro
47089,TN,JEFFERSON,56247,22017,5,557,KNOXVILLE,1.0,False,34100,Morristown TN,Metro
47091,TN,JOHNSON,19006,7720,5,531,"TRI-CITIES, TN-VA",1.0,False,,,
47093,TN,KNOX,484522,197266,35,557,KNOXVILLE,1.0,False,28940,Knoxville TN,Metro
47095,TN,LAKE,7331,2319,3,632,PADUCAH-CAPE GIRARDEAU-HARRISBURG,1.0,False,,,
47097,TN,LAUDERDALE,26810,10240,4,640,MEMPHIS,1.0,False,,,
47099,TN,LAWRENCE,49496,19196,9,659,NASHVILLE,1.0,False,29980,Lawrenceburg TN,Micro
47101,TN,LEWIS,10488,4237,1,659,NASHVILLE,1.0,False,,,
47103,TN,LINCOLN,36257,14767,9,691,HUNTSVILLE-DECATUR-FLORENCE,1.0,False,22190,Fayetteville TN,Micro
47105,TN,LOUDON,62107,25492,5,557,KNOXVILLE,1.0,False,28940,Knoxville TN,Metro
47107,TN,MCMINN,50502,20283,7,575,CHATTANOOGA,1.0,False,11940,Athens TN,Micro
47109,TN,MCNAIRY,28938,12015,10,640,MEMPHIS,1.0,False,,,
47111,TN,MACON,20737,8033,2,659,NASHVILLE,1.0,False,34980,Nashville-Davidson--Murfreesboro--Franklin TN,Metro
47113,TN,MADISON,97695,39037,13,639,"JACKSON, TN",1.0,False,27180,Jackson TN,Metro
47115,TN,MARION,17005,6991,5,575,CHATTANOOGA,1.0,False,16860,Chattanooga TN-GA,Metro
47117,TN,MARSHALL,34351,13287,4,659,NASHVILLE,1.0,False,30280,Lewisburg TN,Micro
47119,TN,MAURY,129957,49034,8,659,NASHVILLE,1.0,False,34980,Nashville-Davidson--Murfreesboro--Franklin TN,Metro
47121,TN,MEIGS,17195,6819,3,575,CHATTANOOGA,1.0,False,11940,Athens TN,Micro
47123,TN,MONROE,46756,18990,5,557,KNOXVILLE,1.0,False,,,
47125,TN,MONTGOMERY,206620,75985,9,659,NASHVILLE,1.0,False,17300,Clarksville TN-KY,Metro
47127,TN,MOORE,3347,1364,1,659,NASHVILLE,1.0,False,46100,Tullahoma-Manchester TN,Micro
47129,TN,MORGAN,16136,5481,8,557,KNOXVILLE,1.0,False,28940,Knoxville TN,Metro
47131,TN,OBION,29521,12386,9,632,PADUCAH-CAPE GIRARDEAU-HARRISBURG,1.0,False,46460,Union City TN,Micro
47133,TN,OVERTON,19274,7958,9,659,NASHVILLE,1.0,False,18260,Cookeville TN,Micro
47135,TN,PERRY,8081,3333,2,659,NASHVILLE,1.0,False,,,
47137,TN,PICKETT,3574,1584,1,659,NASHVILLE,1.0,False,,,
47139,TN,POLK,18420,7532,10,575,CHATTANOOGA,1.0,False,17420,Cleveland TN,Metro
47141,TN,PUTNAM,91865,36934,10,659,NASHVILLE,1.0,False,18260,Cookeville TN,Micro
47143,TN,RHEA,36576,14580,5,575,CHATTANOOGA,1.0,False,,,
47145,TN,ROANE,54636,22839,4,557,KNOXVILLE,1.0,False,28940,Knoxville TN,Metro
47147,TN,ROBERTSON,77660,28552,8,659,NASHVILLE,1.0,False,34980,Nashville-Davidson--Murfreesboro--Franklin TN,Metro
47149,TN,RUTHERFORD,337104,123015,16,659,NASHVILLE,1.0,False,34980,Nashville-Davidson--Murfreesboro--Franklin TN,Metro
47151,TN,SCOTT,20401,8087,6,557,KNOXVILLE,1.0,False,,,
47153,TN,SEQUATCHIE,22340,8831,2,575,CHATTANOOGA,1.0,False,16860,Chattanooga TN-GA,Metro
47155,TN,SEVIER,101241,40575,8,557,KNOXVILLE,1.0,False,42940,Sevierville TN,Micro
47157,TN,SHELBY,941723,369214,77,640,MEMPHIS,1.0,False,32820,Memphis TN-MS-AR,Metro
47159,TN,SMITH,18801,7269,10,659,NASHVILLE,1.0,False,34980,Nashville-Davidson--Murfreesboro--Franklin TN,Metro
47161,TN,STEWART,14230,5714,5,659,NASHVILLE,1.0,False,17300,Clarksville TN-KY,Metro
47163,TN,SULLIVAN,161426,69220,13,531,"TRI-CITIES, TN-VA",1.0,False,28700,Kingsport-Bristol TN-VA,Metro
47165,TN,SUMNER,183269,69556,9,659,NASHVILLE,1.0,False,34980,Nashville-Davidson--Murfreesboro--Franklin TN,Metro
47167,TN,TIPTON,59480,22042,8,640,MEMPHIS,1.0,False,32820,Memphis TN-MS-AR,Metro
47169,TN,TROUSDALE,10413,3036,1,659,NASHVILLE,1.0,False,34980,Nashville-Davidson--Murfreesboro--Franklin TN,Metro
47171,TN,UNICOI,18016,7679,3,531,"TRI-CITIES, TN-VA",1.0,False,27740,Johnson City TN,Metro
47173,TN,UNION,16218,6360,3,557,KNOXVILLE,1.0,False,28940,Knoxville TN,Metro
47175,TN,VAN BUREN,4276,1656,1,659,NASHVILLE,1.0,False,,,
47177,TN,WARREN,43767,17410,7,659,NASHVILLE,1.0,False,32660,McMinnville TN,Micro
47179,TN,WASHINGTON,143772,60301,11,531,"TRI-CITIES, TN-VA",1.0,False,27740,Johnson City TN,Metro
47181,TN,WAYNE,13890,5075,5,659,NASHVILLE,1.0,False,,,
47183,TN,WEAKLEY,31185,12668,8,632,PADUCAH-CAPE GIRARDEAU-HARRISBURG,1.0,False,32280,Martin TN,Micro
47185,TN,WHITE,29152,11639,4,659,NASHVILLE,1.0,False,18260,Cookeville TN,Micro
47187,TN,WILLIAMSON,236704,85748,13,659,NASHVILLE,1.0,False,34980,Nashville-Davidson--Murfreesboro--Franklin TN,Metro
47189,TN,WILSON,140295,52184,8,659,NASHVILLE,1.0,False,34980,Nashville-Davidson--Murfreesboro--Franklin TN,Metro
48001,TX,ANDERSON,59669,18139,13,623,DALLAS-FORT WORTH,1.0,False,37300,Palestine TX,Micro
48003,TX,ANDREWS,18588,6259,1,633,ODESSA-MIDLAND,1.0,False,11380,Andrews TX,Micro
48005,TX,ANGELINA,86614,32210,9,709,TYLER-LONGVIEW (LFKN&NCGD),1.0,False,31260,Lufkin TX,Micro
48007,TX,ARANSAS,20569,8959,3,600,CORPUS CHRISTI,1.0,False,18580,Corpus Christi TX,Metro
48009,TX,ARCHER,5810,2325,5,627,WICHITA FALLS-LAWTON,1.0,False,48660,Wichita Falls TX,Metro
48011,TX,ARMSTRONG,1738,663,2,634,AMARILLO,1.0,False,11100,Amarillo TX,Metro
48013,TX,ATASCOSA,44508,15223,9,641,SAN ANTONIO,1.0,False,41700,San Antonio-New Braunfels TX,Metro
48015,TX,AUSTIN,32342,12423,9,618,HOUSTON,1.0,False,26420,Houston-Pasadena-The Woodlands TX,Metro
48017,TX,BAILEY,7221,2468,3,651,LUBBOCK,1.0,False,,,
48019,TX,BANDERA,20857,8821,5,641,SAN ANTONIO,1.0,False,41700,San Antonio-New Braunfels TX,Metro
48021,TX,BASTROP,97582,33840,8,635,AUSTIN,1.0,False,12420,Austin-Round Rock-San Marcos TX,Metro
48023,TX,BAYLOR,3522,1524,1,627,WICHITA FALLS-LAWTON,1.0,False,,,
48025,TX,BEE,30316,8609,9,600,CORPUS CHRISTI,1.0,False,13300,Beeville TX,Micro
48027,TX,BELL,383800,137825,23,625,WACO-TEMPLE-BRYAN,1.0,False,28660,Killeen-Temple TX,Metro
48029,TX,BEXAR,1987611,719231,95,641,SAN ANTONIO,1.0,False,41700,San Antonio-New Braunfels TX,Metro
48031,TX,BLANCO,10694,4488,4,635,AUSTIN,1.0,False,,,
48033,TX,BORDEN,295,112,1,651,LUBBOCK,1.0,False,,,
48035,TX,BOSQUE,19480,7852,9,623,DALLAS-FORT WORTH,1.0,False,47380,Waco TX,Metro
48037,TX,BOWIE,92710,35478,13,612,SHREVEPORT,1.0,False,45500,Texarkana TX-AR,Metro
48039,TX,BRAZORIA,392735,134678,21,618,HOUSTON,1.0,False,26420,Houston-Pasadena-The Woodlands TX,Metro
48041,TX,BRAZOS,233514,85207,16,625,WACO-TEMPLE-BRYAN,1.0,False,17780,College Station-Bryan TX,Metro
48043,TX,BREWSTER,9399,4187,6,633,ODESSA-MIDLAND,1.0,False,,,
48045,TX,BRISCOE,1425,603,2,634,AMARILLO,1.0,False,,,
48047,TX,BROOKS,7359,2605,2,600,CORPUS CHRISTI,1.0,False,10860,Alice TX,Micro
48049,TX,BROWN,38046,15062,9,662,ABILENE-SWEETWATER,1.0,False,15220,Brownwood TX,Micro
48051,TX,BURLESON,17421,7114,6,625,WACO-TEMPLE-BRYAN,1.0,False,17780,College Station-Bryan TX,Metro
48053,TX,BURNET,41302,15984,4,635,AUSTIN,1.0,False,,,
48055,TX,CALDWELL,46735,15360,7,635,AUSTIN,1.0,False,12420,Austin-Round Rock-San Marcos TX,Metro
48057,TX,CALHOUN,20103,7563,4,618,HOUSTON,1.0,False,38920,Port Lavaca TX,Micro
48059,TX,CALLAHAN,12738,5246,4,662,ABILENE-SWEETWATER,1.0,False,10180,Abilene TX,Metro
48061,TX,CAMERON,420928,132483,21,636,HARLINGEN-WESLACO-BROWNSVILLE,1.0,False,15180,Brownsville-Harlingen TX,Metro
48063,TX,CAMP,14549,5616,2,709,TYLER-LONGVIEW (LFKN&NCGD),1.0,False,34420,Mount Pleasant TX,Micro
48065,TX,CARSON,5447,2212,4,634,AMARILLO,1.0,False,11100,Amarillo TX,Metro
48067,TX,CASS,29429,12127,11,612,SHREVEPORT,1.0,False,,,
48069,TX,CASTRO,6878,2401,4,634,AMARILLO,1.0,False,,,
48071,TX,CHAMBERS,41866,14163,7,618,HOUSTON,1.0,False,26420,Houston-Pasadena-The Woodlands TX,Metro
48073,TX,CHEROKEE,42074,14867,9,709,TYLER-LONGVIEW (LFKN&NCGD),1.0,False,27380,Jacksonville TX,Micro
48075,TX,CHILDRESS,6750,2321,2,634,AMARILLO,1.0,False,,,
48077,TX,CLAY,7053,2935,5,627,WICHITA FALLS-LAWTON,1.0,False,48660,Wichita Falls TX,Metro
48079,TX,COCHRAN,2604,959,3,651,LUBBOCK,1.0,False,31180,Lubbock TX,Metro
48081,TX,COKE,3115,1324,4,661,SAN ANGELO,1.0,False,,,
48083,TX,COLEMAN,7762,3467,10,662,ABILENE-SWEETWATER,1.0,False,,,
48085,TX,COLLIN,1025305,366838,32,623,DALLAS-FORT WORTH,1.0,False,19100,Dallas-Fort Worth-Arlington TX,Metro
48087,TX,COLLINGSWORTH,2501,1001,4,634,AMARILLO,1.0,False,,,
48089,TX,COLORADO,19491,7696,11,618,HOUSTON,1.0,False,,,
48091,TX,COMAL,190393,71776,9,641,SAN ANTONIO,1.0,False,41700,San Antonio-New Braunfels TX,Metro
48093,TX,COMANCHE,12401,5030,6,623,DALLAS-FORT WORTH,1.0,False,,,
48095,TX,CONCHO,3292,944,5,661,SAN ANGELO,1.0,False,,,
48097,TX,COOKE,38330,14446,8,623,DALLAS-FORT WORTH,1.0,False,23620,Gainesville TX,Micro
48099,TX,CORYELL,69485,23429,12,625,WACO-TEMPLE-BRYAN,1.0,False,28660,Killeen-Temple TX,Metro
48101,TX,COTTLE,1384,607,2,634,AMARILLO,1.0,False,,,
48103,TX,CRANE,4496,1485,1,633,ODESSA-MIDLAND,1.0,False,,,
48105,TX,CROCKETT,3027,1188,1,661,SAN ANGELO,1.0,False,,,
48107,TX,CROSBY,5017,1883,3,651,LUBBOCK,1.0,False,31180,Lubbock TX,Metro
48109,TX,CULBERSON,2071,832,1,765,EL PASO,1.0,False,,,
48111,TX,DALLAM,11577,3929,3,634,AMARILLO,1.0,False,,,
48113,TX,DALLAS,2723990,1006612,162,623,DALLAS-FORT WORTH,1.0,False,19100,Dallas-Fort Worth-Arlington TX,Metro
48115,TX,DAWSON,12101,3960,2,651,LUBBOCK,1.0,False,,,
48117,TX,DEAF SMITH,18694,6290,2,634,AMARILLO,1.0,False,25820,Hereford TX,Micro
48119,TX,DELTA,5052,2017,6,623,DALLAS-FORT WORTH,1.0,False,,,
48121,TX,DENTON,906687,328146,33,623,DALLAS-FORT WORTH,1.0,False,19100,Dallas-Fort Worth-Arlington TX,Metro
48123,TX,DE WITT,16412,6015,7,641,SAN ANTONIO,1.0,False,,,
48125,TX,DICKENS,1974,866,4,651,LUBBOCK,1.0,False,,,
48127,TX,DIMMIT,8518,2995,4,641,SAN ANTONIO,1.0,False,,,
48129,TX,DONLEY,3325,1370,3,634,AMARILLO,1.0,False,,,
48131,TX,DUVAL,10563,3709,5,600,CORPUS CHRISTI,1.0,False,,,
48133,TX,EASTLAND,18633,7521,8,662,ABILENE-SWEETWATER,1.0,False,,,
48135,TX,ECTOR,170622,59623,13,633,ODESSA-MIDLAND,1.0,False,36220,Odessa TX,Metro
48137,TX,EDWARDS,1412,569,3,641,SAN ANTONIO,1.0,False,,,
48139,TX,ELLIS,201369,67813,15,623,DALLAS-FORT WORTH,1.0,False,19100,Dallas-Fort Worth-Arlington TX,Metro
48141,TX,EL PASO,865950,296525,144,765,EL PASO,1.0,False,21340,El Paso TX,Metro
48143,TX,ERATH,41656,15518,6,623,DALLAS-FORT WORTH,1.0,False,44500,Stephenville TX,Micro
48145,TX,FALLS,14506,4981,6,625,WACO-TEMPLE-BRYAN,1.0,False,47380,Waco TX,Metro
48147,TX,FANNIN,35014,12584,15,623,DALLAS-FORT WORTH,1.0,False,14300,Bonham TX,Micro
48149,TX,FAYETTE,25564,10661,13,635,AUSTIN,1.0,False,,,
48151,TX,FISHER,3154,1336,4,662,ABILENE-SWEETWATER,1.0,False,,,
48153,TX,FLOYD,5370,2121,5,651,LUBBOCK,1.0,False,38380,Plainview TX,Micro
48155,TX,FOARD,1143,494,1,627,WICHITA FALLS-LAWTON,1.0,False,,,
48157,TX,FORT BEND,782991,251906,24,618,HOUSTON,1.0,False,26420,Houston-Pasadena-The Woodlands TX,Metro
48159,TX,FRANKLIN,9084,3616,3,709,TYLER-LONGVIEW (LFKN&NCGD),1.0,False,,,
48161,TX,FREESTONE,18343,6796,6,623,DALLAS-FORT WORTH,1.0,False,,,
48163,TX,FRIO,18524,5213,4,641,SAN ANTONIO,1.0,False,,,
48165,TX,GAINES,20925,6526,3,651,LUBBOCK,1.0,False,,,
48167,TX,GALVESTON,371979,140331,23,618,HOUSTON,1.0,False,26420,Houston-Pasadena-The Woodlands TX,Metro
48169,TX,GARZA,5864,1657,2,651,LUBBOCK,1.0,False,31180,Lubbock TX,Metro
48171,TX,GILLESPIE,26836,11570,5,635,AUSTIN,1.0,False,23240,Fredericksburg TX,Micro
48173,TX,GLASSCOCK,885,323,1,633,ODESSA-MIDLAND,1.0,False,,,
48175,TX,GOLIAD,5737,2329,4,641,SAN ANTONIO,1.0,False,47020,Victoria TX,Metro
48177,TX,GONZALES,20096,7428,10,641,SAN ANTONIO,1.0,False,,,
48179,TX,GRAY,21252,7973,5,634,AMARILLO,1.0,False,37420,Pampa TX,Micro
48181,TX,GRAYSON,139540,53801,18,657,SHERMAN-ADA,1.0,False,43300,Sherman-Denison TX,Metro
48183,TX,GREGG,152437,58394,15,709,TYLER-LONGVIEW (LFKN&NCGD),1.0,False,30980,Longview TX,Metro
48185,TX,GRIMES,31229,10797,8,618,HOUSTON,1.0,False,,,
48187,TX,GUADALUPE,149022,52276,9,641,SAN ANTONIO,1.0,False,41700,San Antonio-New Braunfels TX,Metro
48189,TX,HALE,33439,11738,7,651,LUBBOCK,1.0,False,38380,Plainview TX,Micro
48191,TX,HALL,2825,1235,4,634,AMARILLO,1.0,False,,,
48193,TX,HAMILTON,8810,3626,4,623,DALLAS-FORT WORTH,1.0,False,,,
48195,TX,HANSFORD,5654,2075,3,634,AMARILLO,1.0,False,,,
48197,TX,HARDEMAN,3621,1536,2,627,WICHITA FALLS-LAWTON,1.0,False,,,
48199,TX,HARDIN,56863,21881,9,692,BEAUMONT-PORT ARTHUR,1.0,False,13140,Beaumont-Port Arthur TX,Metro
48201,TX,HARRIS,4759918,1701084,229,618,HOUSTON,1.0,False,26420,Houston-Pasadena-The Woodlands TX,Metro
48203,TX,HARRISON,54166,20363,11,612,SHREVEPORT,1.0,False,30980,Longview TX,Metro
48205,TX,HARTLEY,1025,355,2,634,AMARILLO,1.0,False,,,
48207,TX,HASKELL,5288,2065,6,662,ABILENE-SWEETWATER,1.0,False,,,
48209,TX,HAYS,258278,92199,8,635,AUSTIN,1.0,False,12420,Austin-Round Rock-San Marcos TX,Metro
48211,TX,HEMPHILL,3281,1224,1,634,AMARILLO,1.0,False,,,
48213,TX,HENDERSON,74246,29504,11,623,DALLAS-FORT WORTH,1.0,False,11980,Athens TX,Micro
48215,TX,HIDALGO,870763,258535,31,636,HARLINGEN-WESLACO-BROWNSVILLE,1.0,False,32580,McAllen-Edinburg-Mission TX,Metro
48217,TX,HILL,35572,13629,15,623,DALLAS-FORT WORTH,1.0,False,,,
48219,TX,HOCKLEY,20680,7584,8,651,LUBBOCK,1.0,False,31180,Lubbock TX,Metro
48221,TX,HOOD,66073,26342,6,623,DALLAS-FORT WORTH,1.0,False,24180,Granbury TX,Micro
48223,TX,HOPKINS,35702,13579,9,623,DALLAS-FORT WORTH,1.0,False,44860,Sulphur Springs TX,Micro
48225,TX,HOUSTON,23097,8548,6,709,TYLER-LONGVIEW (LFKN&NCGD),1.0,False,,,
48227,TX,HOWARD,35118,11782,5,633,ODESSA-MIDLAND,1.0,False,13700,Big Spring TX,Micro
48229,TX,HUDSPETH,2992,762,4,765,EL PASO,1.0,False,21340,El Paso TX,Metro
48231,TX,HUNT,86975,31656,13,623,DALLAS-FORT WORTH,1.0,False,19100,Dallas-Fort Worth-Arlington TX,Metro
48233,TX,HUTCHINSON,21116,8368,5,634,AMARILLO,1.0,False,14420,Borger TX,Micro
48235,TX,IRION,1388,558,2,661,SAN ANGELO,1.0,False,41660,San Angelo TX,Metro
48237,TX,JACK,8142,2802,4,623,DALLAS-FORT WORTH,1.0,False,,,
48239,TX,JACKSON,14062,5152,7,618,HOUSTON,1.0,False,,,
48241,TX,JASPER,33876,13413,5,692,BEAUMONT-PORT ARTHUR,1.0,False,,,
48243,TX,JEFF DAVIS,1811,902,1,633,ODESSA-MIDLAND,1.0,False,,,
48245,TX,JEFFERSON,255347,95206,24,692,BEAUMONT-PORT ARTHUR,1.0,False,13140,Beaumont-Port Arthur TX,Metro
48247,TX,JIM HOGG,4864,1720,2,600,CORPUS CHRISTI,1.0,False,,,
48249,TX,JIM WELLS,39886,14332,6,600,CORPUS CHRISTI,1.0,False,10860,Alice TX,Micro
48251,TX,JOHNSON,196380,67374,12,623,DALLAS-FORT WORTH,1.0,False,19100,Dallas-Fort Worth-Arlington TX,Metro
48253,TX,JONES,12508,4833,6,662,ABILENE-SWEETWATER,1.0,False,10180,Abilene TX,Metro
48255,TX,KARNES,16412,5213,8,641,SAN ANTONIO,1.0,False,,,
48257,TX,KAUFMAN,155658,51939,10,623,DALLAS-FORT WORTH,1.0,False,19100,Dallas-Fort Worth-Arlington TX,Metro
48259,TX,KENDALL,68708,24793,6,641,SAN ANTONIO,1.0,False,41700,San Antonio-New Braunfels TX,Metro
48261,TX,KENEDY,309,112,2,600,CORPUS CHRISTI,1.0,False,,,
48263,TX,KENT,702,283,2,651,LUBBOCK,1.0,False,,,
48265,TX,KERR,51686,21758,6,641,SAN ANTONIO,1.0,False,28500,Kerrville TX,Micro
48267,TX,KIMBLE,3914,1799,3,661,SAN ANGELO,1.0,False,,,
48269,TX,KING,202,91,1,627,WICHITA FALLS-LAWTON,1.0,False,,,
48271,TX,KINNEY,3127,1154,1,641,SAN ANTONIO,1.0,False,,,
48273,TX,KLEBERG,31015,11527,3,600,CORPUS CHRISTI,1.0,False,28780,Kingsville TX,Micro
48275,TX,KNOX,3239,1270,4,662,ABILENE-SWEETWATER,1.0,False,,,
48277,TX,LAMAR,49500,19973,14,623,DALLAS-FORT WORTH,1.0,False,37580,Paris TX,Micro
48279,TX,LAMB,13100,4901,8,651,LUBBOCK,1.0,False,,,
48281,TX,LAMPASAS,23343,9197,3,625,WACO-TEMPLE-BRYAN,1.0,False,28660,Killeen-Temple TX,Metro
48283,TX,LA SALLE,6725,1876,4,641,SAN ANTONIO,1.0,False,,,
48285,TX,LAVACA,24485,9739,6,641,SAN ANTONIO,1.0,False,,,
48287,TX,LEE,15829,5998,4,635,AUSTIN,1.0,False,,,
48289,TX,LEON,18696,7743,9,625,WACO-TEMPLE-BRYAN,1.0,False,,,
48291,TX,LIBERTY,106558,34496,11,618,HOUSTON,1.0,False,26420,Houston-Pasadena-The Woodlands TX,Metro
48293,TX,LIMESTONE,21578,8068,7,625,WACO-TEMPLE-BRYAN,1.0,False,,,
48295,TX,LIPSCOMB,3146,1225,5,634,AMARILLO,1.0,False,,,
48297,TX,LIVE OAK,8570,2832,5,600,CORPUS CHRISTI,1.0,False,,,
48299,TX,LLANO,24504,11116,8,635,AUSTIN,1.0,False,,,
48301,TX,LOVING,57,24,1,633,ODESSA-MIDLAND,1.0,False,,,
48303,TX,LUBBOCK,310613,119549,32,651,LUBBOCK,1.0,False,31180,Lubbock TX,Metro
48305,TX,LYNN,5501,2093,4,651,LUBBOCK,1.0,False,31180,Lubbock TX,Metro
48307,TX,MCCULLOCH,7794,3305,6,661,SAN ANGELO,1.0,False,,,
48309,TX,MCLENNAN,264355,97984,32,625,WACO-TEMPLE-BRYAN,1.0,False,47380,Waco TX,Metro
48311,TX,MCMULLEN,515,224,2,641,SAN ANTONIO,1.0,False,,,
48313,TX,MADISON,12856,3941,3,625,WACO-TEMPLE-BRYAN,1.0,False,,,
48315,TX,MARION,7932,3508,2,612,SHREVEPORT,1.0,False,,,
48317,TX,MARTIN,5754,2016,4,633,ODESSA-MIDLAND,1.0,False,33260,Midland TX,Metro
48319,TX,MASON,3948,1781,4,635,AUSTIN,1.0,False,,,
48321,TX,MATAGORDA,36612,13933,13,618,HOUSTON,1.0,False,13060,Bay City TX,Micro
48323,TX,MAVERICK,57885,18032,4,641,SAN ANTONIO,1.0,False,20580,Eagle Pass TX,Metro
48325,TX,MEDINA,44366,15255,9,641,SAN ANTONIO,1.0,False,41700,San Antonio-New Braunfels TX,Metro
48327,TX,MENARD,2046,903,3,661,SAN ANGELO,1.0,False,,,
48329,TX,MIDLAND,164528,58605,11,633,ODESSA-MIDLAND,1.0,False,33260,Midland TX,Metro
48331,TX,MILAM,24942,9766,8,625,WACO-TEMPLE-BRYAN,1.0,False,,,
48333,TX,MILLS,4116,1688,4,625,WACO-TEMPLE-BRYAN,1.0,False,,,
48335,TX,MITCHELL,9022,2773,3,662,ABILENE-SWEETWATER,1.0,False,,,
48337,TX,MONTAGUE,21225,8651,7,627,WICHITA FALLS-LAWTON,1.0,False,,,
48339,TX,MONTGOMERY,606117,213565,26,618,HOUSTON,1.0,False,26420,Houston-Pasadena-The Woodlands TX,Metro
48341,TX,MOORE,21398,7302,4,634,AMARILLO,1.0,False,20300,Dumas TX,Micro
48343,TX,MORRIS,12652,5282,5,612,SHREVEPORT,1.0,False,34420,Mount Pleasant TX,Micro
48345,TX,MOTLEY,1032,458,3,651,LUBBOCK,1.0,False,,,
48347,TX,NACOGDOCHES,65659,25152,13,709,TYLER-LONGVIEW (LFKN&NCGD),1.0,False,34860,Nacogdoches TX,Micro
48349,TX,NAVARRO,51399,18188,13,623,DALLAS-FORT WORTH,1.0,False,18620,Corsicana TX,Micro
48351,TX,NEWTON,9049,3736,6,692,BEAUMONT-PORT ARTHUR,1.0,False,,,
48353,TX,NOLAN,15303,6138,5,662,ABILENE-SWEETWATER,1.0,False,45020,Sweetwater TX,Micro
48355,TX,NUECES,352686,130490,36,600,CORPUS CHRISTI,1.0,False,18580,Corpus Christi TX,Metro
48357,TX,OCHILTREE,9838,3585,3,634,AMARILLO,1.0,False,,,
48359,TX,OLDHAM,2371,826,4,634,AMARILLO,1.0,False,11100,Amarillo TX,Metro
48361,TX,ORANGE,87259,33801,8,692,BEAUMONT-PORT ARTHUR,1.0,False,13140,Beaumont-Port Arthur TX,Metro
48363,TX,PALO PINTO,28020,11018,8,623,DALLAS-FORT WORTH,1.0,False,33420,Mineral Wells TX,Micro
48365,TX,PANOLA,21370,8465,7,612,SHREVEPORT,1.0,False,,,
48367,TX,PARKER,131357,47578,12,623,DALLAS-FORT WORTH,1.0,False,19100,Dallas-Fort Worth-Arlington TX,Metro
48369,TX,PARMER,9572,3221,4,634,AMARILLO,1.0,False,,,
48371,TX,PECOS,15016,4913,6,633,ODESSA-MIDLAND,1.0,False,,,
48373,TX,POLK,49897,18875,10,618,HOUSTON,1.0,False,,,
48375,TX,POTTER,119765,42544,22,634,AMARILLO,1.0,False,11100,Amarillo TX,Metro
48377,TX,PRESIDIO,6204,2462,4,633,ODESSA-MIDLAND,1.0,False,,,
48379,TX,RAINS,10743,4454,2,623,DALLAS-FORT WORTH,1.0,False,,,
48381,TX,RANDALL,138645,55554,9,634,AMARILLO,1.0,False,11100,Amarillo TX,Metro
48383,TX,REAGAN,3379,1193,1,633,ODESSA-MIDLAND,1.0,False,,,
48385,TX,REAL,2683,1136,3,641,SAN ANTONIO,1.0,False,,,
48387,TX,RED RIVER,11944,5176,6,623,DALLAS-FORT WORTH,1.0,False,37580,Paris TX,Micro
48389,TX,REEVES,14742,4178,6,633,ODESSA-MIDLAND,1.0,False,45880,Town of Pecos TX,Micro
48391,TX,REFUGIO,6845,2690,5,600,CORPUS CHRISTI,1.0,False,,,
48393,TX,ROBERTS,764,304,1,634,AMARILLO,1.0,False,37420,Pampa TX,Micro
48395,TX,ROBERTSON,15797,6148,7,625,WACO-TEMPLE-BRYAN,1.0,False,17780,College Station-Bryan TX,Metro
48397,TX,ROCKWALL,112962,37711,4,623,DALLAS-FORT WORTH,1.0,False,19100,Dallas-Fort Worth-Arlington TX,Metro
48399,TX,RUNNELS,10819,4261,6,662,ABILENE-SWEETWATER,1.0,False,,,
48401,TX,RUSK,43677,14877,13,709,TYLER-LONGVIEW (LFKN&NCGD),1.0,False,30980,Longview TX,Metro
48403,TX,SABINE,10176,4418,4,709,TYLER-LONGVIEW (LFKN&NCGD),1.0,False,,,
48405,TX,SAN AUGUSTINE,7314,3062,2,709,TYLER-LONGVIEW (LFKN&NCGD),1.0,False,,,
48407,TX,SAN JACINTO,17814,7042,4,618,HOUSTON,1.0,False,26420,Houston-Pasadena-The Woodlands TX,Metro
48409,TX,SAN PATRICIO,73557,26755,10,600,CORPUS CHRISTI,1.0,False,18580,Corpus Christi TX,Metro
48411,TX,SAN SABA,5579,2069,4,625,WACO-TEMPLE-BRYAN,1.0,False,,,
48413,TX,SCHLEICHER,2357,937,1,661,SAN ANGELO,1.0,False,,,
48415,TX,SCURRY,17099,5989,6,662,ABILENE-SWEETWATER,1.0,False,43660,Snyder TX,Micro
48417,TX,SHACKELFORD,2822,1154,2,662,ABILENE-SWEETWATER,1.0,False,,,
48419,TX,SHELBY,24816,9653,5,612,SHREVEPORT,1.0,False,,,
48421,TX,SHERMAN,2271,785,2,634,AMARILLO,1.0,False,,,
48423,TX,SMITH,238117,90293,22,709,TYLER-LONGVIEW (LFKN&NCGD),1.0,False,46340,Tyler TX,Metro
48425,TX,SOMERVELL,8216,3046,3,623,DALLAS-FORT WORTH,1.0,False,,,
48427,TX,STARR,65932,19873,9,636,HARLINGEN-WESLACO-BROWNSVILLE,1.0,False,40100,Rio Grande City-Roma TX,Micro
48429,TX,STEPHENS,8624,3297,2,662,ABILENE-SWEETWATER,1.0,False,,,
48431,TX,STERLING,1372,494,1,661,SAN ANGELO,1.0,False,,,
48433,TX,STONEWALL,1188,532,2,662,ABILENE-SWEETWATER,1.0,False,,,
48435,TX,SUTTON,3379,1382,1,661,SAN ANGELO,1.0,False,,,
48437,TX,SWISHER,7623,2700,3,634,AMARILLO,1.0,False,,,
48439,TX,TARRANT,2038233,735262,97,623,DALLAS-FORT WORTH,1.0,False,19100,Dallas-Fort Worth-Arlington TX,Metro
48441,TX,TAYLOR,151868,55952,18,662,ABILENE-SWEETWATER,1.0,False,10180,Abilene TX,Metro
48443,TX,TERRELL,729,334,2,633,ODESSA-MIDLAND,1.0,False,,,
48445,TX,TERRY,11717,3967,3,651,LUBBOCK,1.0,False,,,
48447,TX,THROCKMORTON,1350,611,2,662,ABILENE-SWEETWATER,1.0,False,,,
48449,TX,TITUS,29320,10053,4,612,SHREVEPORT,1.0,False,34420,Mount Pleasant TX,Micro
48451,TX,TOM GREEN,119097,46443,16,661,SAN ANGELO,1.0,False,41660,San Angelo TX,Metro
48453,TX,TRAVIS,1262804,513624,78,635,AUSTIN,1.0,False,12420,Austin-Round Rock-San Marcos TX,Metro
48455,TX,TRINITY,13431,5795,6,618,HOUSTON,1.0,False,,,
48457,TX,TYLER,19090,7071,9,692,BEAUMONT-PORT ARTHUR,1.0,False,,,
48459,TX,UPSHUR,36905,14087,6,709,TYLER-LONGVIEW (LFKN&NCGD),1.0,False,30980,Longview TX,Metro
48461,TX,UPTON,3278,1217,3,633,ODESSA-MIDLAND,1.0,False,,,
48463,TX,UVALDE,24985,8830,6,641,SAN ANTONIO,1.0,False,46620,Uvalde TX,Micro
48465,TX,VAL VERDE,47555,15780,7,641,SAN ANTONIO,1.0,False,19620,Del Rio TX,Micro
48467,TX,VAN ZANDT,56522,21595,7,623,DALLAS-FORT WORTH,1.0,False,,,
48469,TX,VICTORIA,91769,34643,11,626,VICTORIA,1.0,False,47020,Victoria TX,Metro
48471,TX,WALKER,77611,25130,11,618,HOUSTON,1.0,False,26660,Huntsville TX,Micro
48473,TX,WALLER,37175,10641,4,618,HOUSTON,1.0,False,26420,Houston-Pasadena-The Woodlands TX,Metro
48475,TX,WARD,11618,4214,5,633,ODESSA-MIDLAND,1.0,False,,,
48477,TX,WASHINGTON,35869,13914,5,618,HOUSTON,1.0,False,14780,Brenham TX,Micro
48479,TX,WEBB,266970,78239,10,749,LAREDO,1.0,False,29700,Laredo TX,Metro
48481,TX,WHARTON,41874,15551,12,618,HOUSTON,1.0,False,20900,El Campo TX,Micro
48483,TX,WHEELER,5188,2077,5,634,AMARILLO,1.0,False,,,
48485,TX,WICHITA,135285,51392,13,627,WICHITA FALLS-LAWTON,1.0,False,48660,Wichita Falls TX,Metro
48487,TX,WILBARGER,12770,4899,5,627,WICHITA FALLS-LAWTON,1.0,False,46900,Vernon TX,Micro
48489,TX,WILLACY,20380,5775,6,636,HARLINGEN-WESLACO-BROWNSVILLE,1.0,False,39700,Raymondville TX,Micro
48491,TX,WILLIAMSON,628748,229470,27,635,AUSTIN,1.0,False,12420,Austin-Round Rock-San Marcos TX,Metro
48493,TX,WILSON,44513,15573,6,641,SAN ANTONIO,1.0,False,41700,San Antonio-New Braunfels TX,Metro
48495,TX,WINKLER,7784,2684,2,633,ODESSA-MIDLAND,1.0,False,,,
48497,TX,WISE,65538,23069,10,623,DALLAS-FORT WORTH,1.0,False,19100,Dallas-Fort Worth-Arlington TX,Metro
48499,TX,WOOD,49629,20124,7,709,TYLER-LONGVIEW (LFKN&NCGD),1.0,False,,,
48501,TX,YOAKUM,8472,2935,3,651,LUBBOCK,1.0,False,,,
48503,TX,YOUNG,18368,7507,5,627,WICHITA FALLS-LAWTON,1.0,False,,,
48505,TX,ZAPATA,13749,4497,3,749,LAREDO,1.0,False,49820,Zapata TX,Micro
48507,TX,ZAVALA,9713,3367,3,641,SAN ANTONIO,1.0,False,,,
49001,UT,BEAVER,7055,2264,4,770,SALT LAKE CITY,1.0,False,,,
49003,UT,BOX ELDER,57577,18646,18,770,SALT LAKE CITY,1.0,False,14940,Brigham City UT-ID,Micro
49005,UT,CACHE,133151,41649,19,770,SALT LAKE CITY,1.0,False,30860,Logan UT-ID,Metro
49007,UT,CARBON,20393,7944,6,770,SALT LAKE CITY,1.0,False,39220,Price UT,Micro
49009,UT,DAGGETT,926,390,2,770,SALT LAKE CITY,1.0,False,,,
49011,UT,DAVIS,354323,109088,14,770,SALT LAKE CITY,1.0,False,36260,Ogden UT,Metro
49013,UT,DUCHESNE,22006,7301,12,770,SALT LAKE CITY,1.0,False,,,
49015,UT,EMERY,9859,3544,9,770,SALT LAKE CITY,1.0,False,,,
49017,UT,GARFIELD,5058,1830,9,770,SALT LAKE CITY,1.0,False,,,
49019,UT,GRAND,10283,4256,3,770,SALT LAKE CITY,1.0,False,,,
49021,UT,IRON,57184,18689,10,770,SALT LAKE CITY,1.0,False,16260,Cedar City UT,Micro
49023,UT,JUAB,11642,3477,4,770,SALT LAKE CITY,1.0,False,39340,Provo-Orem-Lehi UT,Metro
49025,UT,KANE,7588,3035,6,770,SALT LAKE CITY,1.0,False,,,
49027,UT,MILLARD,12933,4289,11,770,SALT LAKE CITY,1.0,False,,,
49029,UT,MORGAN,12295,3574,2,770,SALT LAKE CITY,1.0,False,36260,Ogden UT,Metro
49031,UT,PIUTE,1360,513,5,770,SALT LAKE CITY,1.0,False,,,
49033,UT,RICH,2497,873,4,770,SALT LAKE CITY,1.0,False,21740,Evanston WY-UT,Micro
49035,UT,SALT LAKE,1188522,406191,69,770,SALT LAKE CITY,1.0,False,41620,Salt Lake City-Murray UT,Metro
49037,UT,SAN JUAN,13249,4247,9,770,SALT LAKE CITY,1.0,False,,,
49039,UT,SANPETE,28569,8430,15,770,SALT LAKE CITY,1.0,False,,,
49041,UT,SEVIER,21512,7453,12,770,SALT LAKE CITY,1.0,False,,,
49043,UT,SUMMIT,44768,16703,9,770,SALT LAKE CITY,1.0,False,25720,Heber UT,Micro
49045,UT,TOOELE,72755,22105,8,770,SALT LAKE CITY,1.0,False,41620,Salt Lake City-Murray UT,Metro
49047,UT,UINTAH,33148,11192,9,770,SALT LAKE CITY,1.0,False,46860,Vernal UT,Micro
49049,UT,UTAH,655968,183566,27,770,SALT LAKE CITY,1.0,False,39340,Provo-Orem-Lehi UT,Metro
49051,UT,WASATCH,32253,9981,3,770,SALT LAKE CITY,1.0,False,25720,Heber UT,Micro
49053,UT,WASHINGTON,180316,62441,22,770,SALT LAKE CITY,1.0,False,41100,St. George UT,Metro
49055,UT,WAYNE,2469,1054,6,770,SALT LAKE CITY,1.0,False,,,
49057,UT,WEBER,270579,92059,17,770,SALT LAKE CITY,1.0,False,36260,Ogden UT,Metro
50001,VT,ADDISON,36073,14339,17,523,BURLINGTON-PLATTSBURGH,1.0,False,,,
50003,VT,BENNINGTON,36855,15505,17,532,ALBANY-SCHENECTADY-TROY,1.0,False,13540,Bennington VT,Micro
50005,VT,CALEDONIA,29835,12479,22,523,BURLINGTON-PLATTSBURGH,1.0,False,,,
50007,VT,CHITTENDEN,170626,69888,26,523,BURLINGTON-PLATTSBURGH,1.0,False,15540,Burlington-South Burlington VT,Metro
50009,VT,ESSEX,6460,2897,12,523,BURLINGTON-PLATTSBURGH,1.0,False,,,
50011,VT,FRANKLIN,46114,18530,18,523,BURLINGTON-PLATTSBURGH,1.0,False,15540,Burlington-South Burlington VT,Metro
50013,VT,GRAND ISLE,7293,3170,5,523,BURLINGTON-PLATTSBURGH,1.0,False,15540,Burlington-South Burlington VT,Metro
50015,VT,LAMOILLE,27216,11478,14,523,BURLINGTON-PLATTSBURGH,1.0,False,,,
50017,VT,ORANGE,28056,11938,26,523,BURLINGTON-PLATTSBURGH,1.0,False,30150,Lebanon-Claremont NH-VT,Micro
50019,VT,ORLEANS,27430,11695,23,523,BURLINGTON-PLATTSBURGH,1.0,False,,,
50021,VT,RUTLAND,61799,27199,30,523,BURLINGTON-PLATTSBURGH,1.0,False,40860,Rutland VT,Micro
50023,VT,WASHINGTON,61522,26478,31,523,BURLINGTON-PLATTSBURGH,1.0,False,12740,Barre VT,Micro
50025,VT,WINDHAM,45349,20131,30,506,BOSTON,1.0,False,14710,Brattleboro VT,Micro
50027,VT,WINDSOR,58449,26163,37,523,BURLINGTON-PLATTSBURGH,1.0,False,30150,Lebanon-Claremont NH-VT,Micro
51001,VA,ACCOMACK,33413,14302,40,544,NORFOLK-PORTSMOUTH-NEWPORT NEWS,1.0,False,,,
51003,VA,ALBEMARLE,90158,36502,16,584,CHARLOTTESVILLE,1.0,False,16820,Charlottesville VA,Metro
51005,VA,ALLEGHANY,6864,3073,4,573,ROANOKE-LYNCHBURG,1.0,False,,,
51007,VA,AMELIA,12735,4984,3,556,RICHMOND-PETERSBURG,1.0,False,40060,Richmond VA,Metro
51009,VA,AMHERST,30691,12465,5,573,ROANOKE-LYNCHBURG,1.0,False,31340,Lynchburg VA,Metro
51011,VA,APPOMATTOX,15434,6210,4,573,ROANOKE-LYNCHBURG,1.0,False,31340,Lynchburg VA,Metro
51013,VA,ARLINGTON,239357,110311,28,511,"WASHINGTON, DC-HAGRSTWN",1.0,False,47900,Washington-Arlington-Alexandria DC-VA-MD-WV,Metro
51015,VA,AUGUSTA,49679,18800,20,569,HARRISONBURG,1.0,False,44420,Staunton-Stuarts Draft VA,Metro
51017,VA,BATH,4873,2162,5,573,ROANOKE-LYNCHBURG,1.0,False,,,
51019,VA,BEDFORD,72065,29716,12,573,ROANOKE-LYNCHBURG,1.0,False,31340,Lynchburg VA,Metro
51021,VA,BLAND,6112,2446,4,573,ROANOKE-LYNCHBURG,1.0,False,,,
51023,VA,BOTETOURT,29637,11956,10,573,ROANOKE-LYNCHBURG,1.0,False,40220,Roanoke VA,Metro
51025,VA,BRUNSWICK,15474,6060,12,556,RICHMOND-PETERSBURG,1.0,False,,,
51027,VA,BUCHANAN,20217,8494,15,531,"TRI-CITIES, TN-VA",1.0,False,,,
51029,VA,BUCKINGHAM,13584,4728,6,556,RICHMOND-PETERSBURG,0.9199,True,,,
51031,VA,CAMPBELL,35853,14762,8,573,ROANOKE-LYNCHBURG,1.0,False,31340,Lynchburg VA,Metro
51033,VA,CAROLINE,29956,11090,10,556,RICHMOND-PETERSBURG,1.0,False,,,
51035,VA,CARROLL,20693,9054,7,573,ROANOKE-LYNCHBURG,1.0,False,,,
51036,VA,CHARLES CITY,4683,2092,2,556,RICHMOND-PETERSBURG,1.0,False,40060,Richmond VA,Metro
51037,VA,CHARLOTTE,13510,5698,10,573,ROANOKE-LYNCHBURG,1.0,False,,,
51041,VA,CHESTERFIELD,357952,132257,13,556,RICHMOND-PETERSBURG,1.0,False,40060,Richmond VA,Metro
51043,VA,CLARKE,16906,6567,6,511,"WASHINGTON, DC-HAGRSTWN",1.0,False,47900,Washington-Arlington-Alexandria DC-VA-MD-WV,Metro
51045,VA,CRAIG,4086,1793,2,573,ROANOKE-LYNCHBURG,1.0,False,40220,Roanoke VA,Metro
51047,VA,CULPEPER,55223,19260,13,511,"WASHINGTON, DC-HAGRSTWN",1.0,False,47900,Washington-Arlington-Alexandria DC-VA-MD-WV,Metro
51049,VA,CUMBERLAND,5900,2413,2,556,RICHMOND-PETERSBURG,1.0,False,,,
51051,VA,DICKENSON,12894,5542,8,531,"TRI-CITIES, TN-VA",1.0,False,,,
51053,VA,DINWIDDIE,15784,6339,9,556,RICHMOND-PETERSBURG,1.0,False,40060,Richmond VA,Metro
51057,VA,ESSEX,10855,4659,9,556,RICHMOND-PETERSBURG,1.0,False,,,
51059,VA,FAIRFAX,1114907,400354,75,511,"WASHINGTON, DC-HAGRSTWN",1.0,False,47900,Washington-Arlington-Alexandria DC-VA-MD-WV,Metro
51061,VA,FAUQUIER,71788,25924,23,511,"WASHINGTON, DC-HAGRSTWN",1.0,False,47900,Washington-Arlington-Alexandria DC-VA-MD-WV,Metro
51063,VA,FLOYD,13642,5866,5,573,ROANOKE-LYNCHBURG,1.0,False,13980,Blacksburg-Christiansburg-Radford VA,Metro
51065,VA,FLUVANNA,27224,10296,6,584,CHARLOTTESVILLE,0.9289,True,16820,Charlottesville VA,Metro
51067,VA,FRANKLIN,51869,21263,11,573,ROANOKE-LYNCHBURG,1.0,False,40220,Roanoke VA,Metro
51069,VA,FREDERICK,88615,32861,10,511,"WASHINGTON, DC-HAGRSTWN",1.0,False,49020,Winchester VA-WV,Metro
51071,VA,GILES,17525,7393,9,573,ROANOKE-LYNCHBURG,1.0,False,13980,Blacksburg-Christiansburg-Radford VA,Metro
51073,VA,GLOUCESTER,37891,15173,15,544,NORFOLK-PORTSMOUTH-NEWPORT NEWS,1.0,False,47260,Virginia Beach-Chesapeake-Norfolk VA-NC,Metro
51075,VA,GOOCHLAND,20202,7307,10,556,RICHMOND-PETERSBURG,1.0,False,40060,Richmond VA,Metro
51077,VA,GRAYSON,11459,4853,6,573,ROANOKE-LYNCHBURG,1.0,False,,,
51079,VA,GREENE,18288,6908,4,584,CHARLOTTESVILLE,1.0,False,16820,Charlottesville VA,Metro
51081,VA,GREENSVILLE,5934,1187,3,556,RICHMOND-PETERSBURG,1.0,False,,,
51083,VA,HALIFAX,33261,14395,10,573,ROANOKE-LYNCHBURG,1.0,False,,,
51085,VA,HANOVER,108611,40834,9,556,RICHMOND-PETERSBURG,1.0,False,40060,Richmond VA,Metro
51087,VA,HENRICO,337488,138056,18,556,RICHMOND-PETERSBURG,1.0,False,40060,Richmond VA,Metro
51089,VA,HENRY,37396,16213,7,573,ROANOKE-LYNCHBURG,1.0,False,32300,Martinsville VA,Micro
51091,VA,HIGHLAND,2073,1004,5,573,ROANOKE-LYNCHBURG,1.0,False,,,
51093,VA,ISLE OF WIGHT,37918,14936,9,544,NORFOLK-PORTSMOUTH-NEWPORT NEWS,1.0,False,47260,Virginia Beach-Chesapeake-Norfolk VA-NC,Metro
51095,VA,JAMES CITY,105636,41426,5,544,NORFOLK-PORTSMOUTH-NEWPORT NEWS,1.0,False,47260,Virginia Beach-Chesapeake-Norfolk VA-NC,Metro
51097,VA,KING AND QUEEN,6121,2745,10,556,RICHMOND-PETERSBURG,1.0,False,40060,Richmond VA,Metro
51099,VA,KING GEORGE,26749,9558,7,511,"WASHINGTON, DC-HAGRSTWN",1.0,False,,,
51101,VA,KING WILLIAM,17739,6891,4,556,RICHMOND-PETERSBURG,1.0,False,40060,Richmond VA,Metro
51103,VA,LANCASTER,11762,5684,10,556,RICHMOND-PETERSBURG,1.0,False,,,
51105,VA,LEE,20502,8423,9,531,"TRI-CITIES, TN-VA",1.0,False,,,
51107,VA,LOUDOUN,418685,136704,34,511,"WASHINGTON, DC-HAGRSTWN",1.0,False,47900,Washington-Arlington-Alexandria DC-VA-MD-WV,Metro
51109,VA,LOUISA,33602,13381,4,556,RICHMOND-PETERSBURG,1.0,False,,,
51111,VA,LUNENBURG,8955,3494,5,556,RICHMOND-PETERSBURG,1.0,False,,,
51113,VA,MADISON,13263,5099,17,584,CHARLOTTESVILLE,0.8297,True,,,
51115,VA,MATHEWS,8136,3606,16,544,NORFOLK-PORTSMOUTH-NEWPORT NEWS,1.0,False,47260,Virginia Beach-Chesapeake-Norfolk VA-NC,Metro
51117,VA,MECKLENBURG,30633,13350,10,560,RALEIGH-DURHAM,1.0,False,,,
51119,VA,MIDDLESEX,12176,5337,12,556,RICHMOND-PETERSBURG,1.0,False,,,
51121,VA,MONTGOMERY,99619,38017,11,573,ROANOKE-LYNCHBURG,1.0,False,13980,Blacksburg-Christiansburg-Radford VA,Metro
51125,VA,NELSON,18188,7777,13,573,ROANOKE-LYNCHBURG,1.0,False,16820,Charlottesville VA,Metro
51127,VA,NEW KENT,25636,9692,5,556,RICHMOND-PETERSBURG,1.0,False,40060,Richmond VA,Metro
51131,VA,NORTHAMPTON,12275,5457,16,544,NORFOLK-PORTSMOUTH-NEWPORT NEWS,1.0,False,,,
51133,VA,NORTHUMBERLAND,11140,5147,8,556,RICHMOND-PETERSBURG,1.0,False,,,
51135,VA,NOTTOWAY,16573,6018,4,556,RICHMOND-PETERSBURG,1.0,False,,,
51137,VA,ORANGE,46654,18263,9,584,CHARLOTTESVILLE,1.0,False,29470,Lake of the Woods VA,Micro
51139,VA,PAGE,23185,9656,4,511,"WASHINGTON, DC-HAGRSTWN",1.0,False,,,
51141,VA,PATRICK,16907,7485,8,518,GREENSBORO-HIGH POINT-WINSTON SALEM,1.0,False,,,
51143,VA,PITTSYLVANIA,42040,17686,14,573,ROANOKE-LYNCHBURG,1.0,False,19260,Danville VA,Micro
51145,VA,POWHATAN,27015,10128,1,556,RICHMOND-PETERSBURG,1.0,False,40060,Richmond VA,Metro
51147,VA,PRINCE EDWARD,24480,8754,7,556,RICHMOND-PETERSBURG,1.0,False,,,
51149,VA,PRINCE GEORGE,28768,8620,3,556,RICHMOND-PETERSBURG,1.0,False,40060,Richmond VA,Metro
51153,VA,PRINCE WILLIAM,495302,157746,21,511,"WASHINGTON, DC-HAGRSTWN",1.0,False,47900,Washington-Arlington-Alexandria DC-VA-MD-WV,Metro
51155,VA,PULASKI,29518,12519,8,573,ROANOKE-LYNCHBURG,1.0,False,13980,Blacksburg-Christiansburg-Radford VA,Metro
51157,VA,RAPPAHANNOCK,5499,2437,7,511,"WASHINGTON, DC-HAGRSTWN",1.0,False,47900,Washington-Arlington-Alexandria DC-VA-MD-WV,Metro
51159,VA,RICHMOND,9211,3310,5,556,RICHMOND-PETERSBURG,1.0,False,,,
51161,VA,ROANOKE,88734,37298,6,573,ROANOKE-LYNCHBURG,1.0,False,40220,Roanoke VA,Metro
51163,VA,ROCKBRIDGE,11278,4888,9,573,ROANOKE-LYNCHBURG,1.0,False,,,
51165,VA,ROCKINGHAM,64541,24614,19,569,HARRISONBURG,1.0,False,25500,Harrisonburg VA,Metro
51167,VA,RUSSELL,25011,10721,7,531,"TRI-CITIES, TN-VA",1.0,False,,,
51169,VA,SCOTT,21586,9226,7,531,"TRI-CITIES, TN-VA",1.0,False,28700,Kingsport-Bristol TN-VA,Metro
51171,VA,SHENANDOAH,45034,18316,13,511,"WASHINGTON, DC-HAGRSTWN",1.0,False,,,
51173,VA,SMYTH,29934,12864,5,531,"TRI-CITIES, TN-VA",1.0,False,,,
51175,VA,SOUTHAMPTON,13314,4928,8,544,NORFOLK-PORTSMOUTH-NEWPORT NEWS,1.0,False,,,
51177,VA,SPOTSYLVANIA,135525,47236,6,511,"WASHINGTON, DC-HAGRSTWN",1.0,False,47900,Washington-Arlington-Alexandria DC-VA-MD-WV,Metro
51179,VA,STAFFORD,155601,50935,12,511,"WASHINGTON, DC-HAGRSTWN",1.0,False,47900,Washington-Arlington-Alexandria DC-VA-MD-WV,Metro
51181,VA,SURRY,6057,2595,5,544,NORFOLK-PORTSMOUTH-NEWPORT NEWS,1.0,False,47260,Virginia Beach-Chesapeake-Norfolk VA-NC,Metro
51183,VA,SUSSEX,10861,3754,6,556,RICHMOND-PETERSBURG,1.0,False,40060,Richmond VA,Metro
51185,VA,TAZEWELL,40741,17048,19,559,BLUEFIELD-BECKLEY-OAK HILL,1.0,False,14140,Bluefield WV-VA,Micro
51187,VA,WARREN,40655,15443,4,511,"WASHINGTON, DC-HAGRSTWN",1.0,False,47900,Washington-Arlington-Alexandria DC-VA-MD-WV,Metro
51191,VA,WASHINGTON,53861,22595,9,531,"TRI-CITIES, TN-VA",1.0,False,28700,Kingsport-Bristol TN-VA,Metro
51193,VA,WESTMORELAND,18019,7843,10,511,"WASHINGTON, DC-HAGRSTWN",1.0,False,,,
51195,VA,WISE,37245,14832,8,531,"TRI-CITIES, TN-VA",1.0,False,,,
51197,VA,WYTHE,30502,13229,9,573,ROANOKE-LYNCHBURG,1.0,False,,,
51199,VA,YORK,57607,20773,8,544,NORFOLK-PORTSMOUTH-NEWPORT NEWS,1.0,False,47260,Virginia Beach-Chesapeake-Norfolk VA-NC,Metro
51510,VA,ALEXANDRIA CITY,155132,73710,13,511,"WASHINGTON, DC-HAGRSTWN",1.0,False,47900,Washington-Arlington-Alexandria DC-VA-MD-WV,Metro
51520,VA,BRISTOL CITY,16267,7334,4,531,"TRI-CITIES, TN-VA",1.0,False,28700,Kingsport-Bristol TN-VA,Metro
51530,VA,BUENA VISTA CITY,8888,3482,1,573,ROANOKE-LYNCHBURG,1.0,False,,,
51540,VA,CHARLOTTESVILLE CITY,69544,27044,8,584,CHARLOTTESVILLE,1.0,False,16820,Charlottesville VA,Metro
51550,VA,CHESAPEAKE CITY,249734,91239,9,544,NORFOLK-PORTSMOUTH-NEWPORT NEWS,1.0,False,47260,Virginia Beach-Chesapeake-Norfolk VA-NC,Metro
51570,VA,COLONIAL HEIGHTS CITY,26635,10744,1,556,RICHMOND-PETERSBURG,1.0,False,40060,Richmond VA,Metro
51580,VA,COVINGTON CITY,13695,6031,1,573,ROANOKE-LYNCHBURG,1.0,False,,,
51590,VA,DANVILLE CITY,59623,26047,3,573,ROANOKE-LYNCHBURG,1.0,False,19260,Danville VA,Micro
51595,VA,EMPORIA CITY,12768,5247,1,556,RICHMOND-PETERSBURG,1.0,False,,,
51600,VA,FAIRFAX CITY,60431,20184,2,511,"WASHINGTON, DC-HAGRSTWN",1.0,False,47900,Washington-Arlington-Alexandria DC-VA-MD-WV,Metro
51610,VA,FALLS CHURCH CITY,18576,6933,2,511,"WASHINGTON, DC-HAGRSTWN",1.0,False,47900,Washington-Arlington-Alexandria DC-VA-MD-WV,Metro
51620,VA,FRANKLIN CITY,13258,5530,1,544,NORFOLK-PORTSMOUTH-NEWPORT NEWS,1.0,False,,,
51630,VA,FREDERICKSBURG CITY,27799,11214,3,511,"WASHINGTON, DC-HAGRSTWN",1.0,False,47900,Washington-Arlington-Alexandria DC-VA-MD-WV,Metro
51640,VA,GALAX CITY,17309,7416,1,573,ROANOKE-LYNCHBURG,1.0,False,,,
51650,VA,HAMPTON CITY,132634,55848,11,544,NORFOLK-PORTSMOUTH-NEWPORT NEWS,1.0,False,47260,Virginia Beach-Chesapeake-Norfolk VA-NC,Metro
51660,VA,HARRISONBURG CITY,74418,26126,4,569,HARRISONBURG,1.0,False,25500,Harrisonburg VA,Metro
51670,VA,HOPEWELL CITY,32139,11354,1,556,RICHMOND-PETERSBURG,1.0,False,40060,Richmond VA,Metro
51678,VA,LEXINGTON CITY,17654,6582,1,573,ROANOKE-LYNCHBURG,1.0,False,,,
51680,VA,LYNCHBURG CITY,104298,40671,9,573,ROANOKE-LYNCHBURG,1.0,False,31340,Lynchburg VA,Metro
51683,VA,MANASSAS CITY,49120,15631,2,511,"WASHINGTON, DC-HAGRSTWN",1.0,False,47900,Washington-Arlington-Alexandria DC-VA-MD-WV,Metro
51685,VA,MANASSAS PARK CITY,0,0,1,511,"WASHINGTON, DC-HAGRSTWN",1.0,False,47900,Washington-Arlington-Alexandria DC-VA-MD-WV,Metro
51690,VA,MARTINSVILLE CITY,30978,13658,4,573,ROANOKE-LYNCHBURG,1.0,False,32300,Martinsville VA,Micro
51700,VA,NEWPORT NEWS CITY,189597,77183,11,544,NORFOLK-PORTSMOUTH-NEWPORT NEWS,1.0,False,47260,Virginia Beach-Chesapeake-Norfolk VA-NC,Metro
51710,VA,NORFOLK CITY,237981,93441,21,544,NORFOLK-PORTSMOUTH-NEWPORT NEWS,1.0,False,47260,Virginia Beach-Chesapeake-Norfolk VA-NC,Metro
51720,VA,NORTON CITY,5730,2501,1,531,"TRI-CITIES, TN-VA",1.0,False,,,
51730,VA,PETERSBURG CITY,64033,25917,4,556,RICHMOND-PETERSBURG,1.0,False,40060,Richmond VA,Metro
51735,VA,POQUOSON CITY,12460,4647,1,544,NORFOLK-PORTSMOUTH-NEWPORT NEWS,1.0,False,47260,Virginia Beach-Chesapeake-Norfolk VA-NC,Metro
51740,VA,PORTSMOUTH CITY,97821,39521,8,544,NORFOLK-PORTSMOUTH-NEWPORT NEWS,1.0,False,47260,Virginia Beach-Chesapeake-Norfolk VA-NC,Metro
51750,VA,RADFORD,22916,8836,3,573,ROANOKE-LYNCHBURG,1.0,False,13980,Blacksburg-Christiansburg-Radford VA,Metro
51760,VA,RICHMOND CITY,218931,97183,31,556,RICHMOND-PETERSBURG,1.0,False,40060,Richmond VA,Metro
51770,VA,ROANOKE CITY,104895,45967,37,573,ROANOKE-LYNCHBURG,1.0,False,40220,Roanoke VA,Metro
51775,VA,SALEM,38728,15343,3,573,ROANOKE-LYNCHBURG,1.0,False,40220,Roanoke VA,Metro
51790,VA,STAUNTON CITY,38522,16763,2,569,HARRISONBURG,1.0,False,44420,Staunton-Stuarts Draft VA,Metro
51800,VA,SUFFOLK CITY,94106,35504,8,544,NORFOLK-PORTSMOUTH-NEWPORT NEWS,1.0,False,47260,Virginia Beach-Chesapeake-Norfolk VA-NC,Metro
51810,VA,VIRGINIA BEACH CITY,459494,178359,20,544,NORFOLK-PORTSMOUTH-NEWPORT NEWS,1.0,False,47260,Virginia Beach-Chesapeake-Norfolk VA-NC,Metro
51820,VA,WAYNESBORO CITY,33049,13968,1,569,HARRISONBURG,1.0,False,44420,Staunton-Stuarts Draft VA,Metro
51830,VA,WILLIAMSBURG CITY,0,0,2,544,NORFOLK-PORTSMOUTH-NEWPORT NEWS,1.0,False,47260,Virginia Beach-Chesapeake-Norfolk VA-NC,Metro
51840,VA,WINCHESTER CITY,29720,12056,2,511,"WASHINGTON, DC-HAGRSTWN",1.0,False,49020,Winchester VA-WV,Metro
53001,WA,ADAMS,22631,6877,5,881,SPOKANE,1.0,False,36830,Othello WA,Micro
53003,WA,ASOTIN,22324,9368,3,881,SPOKANE,1.0,False,30300,Lewiston ID-WA,Metro
53005,WA,BENTON,206196,76155,10,810,YAKIMA-PASCO-RCHLND-KNNWCK,1.0,False,28420,Kennewick-Richland WA,Metro
53007,WA,CHELAN,79115,30318,14,819,SEATTLE-TACOMA,1.0,False,48300,Wenatchee-East Wenatchee WA,Metro
53009,WA,CLALLAM,78399,34500,11,819,SEATTLE-TACOMA,1.0,False,38820,Port Angeles WA,Micro
53011,WA,CLARK,503471,187315,23,820,"PORTLAND, OR",1.0,False,38900,Portland-Vancouver-Hillsboro OR-WA,Metro
53013,WA,COLUMBIA,3775,1686,2,881,SPOKANE,1.0,False,,,
53015,WA,COWLITZ,113654,43830,11,820,"PORTLAND, OR",1.0,False,31020,Longview-Kelso WA,Metro
53017,WA,DOUGLAS,41474,14744,7,819,SEATTLE-TACOMA,1.0,False,48300,Wenatchee-East Wenatchee WA,Metro
53019,WA,FERRY,6163,2687,8,881,SPOKANE,1.0,False,,,
53021,WA,FRANKLIN,96056,28559,6,810,YAKIMA-PASCO-RCHLND-KNNWCK,1.0,False,28420,Kennewick-Richland WA,Metro
53023,WA,GARFIELD,2342,990,1,881,SPOKANE,1.0,False,,,
53025,WA,GRANT,98288,33913,16,881,SPOKANE,1.0,False,34180,Moses Lake WA,Micro
53027,WA,GRAYS HARBOR,77997,30875,21,819,SEATTLE-TACOMA,1.0,False,10140,Aberdeen WA,Micro
53029,WA,ISLAND,86857,35917,8,819,SEATTLE-TACOMA,1.0,False,36020,Oak Harbor WA,Micro
53031,WA,JEFFERSON,31733,15320,7,819,SEATTLE-TACOMA,1.0,False,39040,Port Townsend WA,Micro
53033,WA,KING,2282036,922382,120,819,SEATTLE-TACOMA,1.0,False,42660,Seattle-Tacoma-Bellevue WA,Metro
53035,WA,KITSAP,275467,105768,26,819,SEATTLE-TACOMA,1.0,False,14740,Bremerton-Silverdale-Port Orchard WA,Metro
53037,WA,KITTITAS,44396,18706,10,810,YAKIMA-PASCO-RCHLND-KNNWCK,1.0,False,21260,Ellensburg WA,Micro
53039,WA,KLICKITAT,23161,9431,15,820,"PORTLAND, OR",1.0,False,,,
53041,WA,LEWIS,83311,32023,22,819,SEATTLE-TACOMA,1.0,False,16500,Centralia WA,Micro
53043,WA,LINCOLN,11830,4673,12,881,SPOKANE,1.0,False,,,
53045,WA,MASON,64057,24835,9,819,SEATTLE-TACOMA,1.0,False,43220,Shelton WA,Micro
53047,WA,OKANOGAN,42975,17361,19,881,SPOKANE,1.0,False,,,
53049,WA,PACIFIC,22843,10262,14,819,SEATTLE-TACOMA,1.0,False,,,
53051,WA,PEND OREILLE,12551,5293,6,881,SPOKANE,1.0,False,,,
53053,WA,PIERCE,912938,336708,79,819,SEATTLE-TACOMA,1.0,False,42660,Seattle-Tacoma-Bellevue WA,Metro
53055,WA,SAN JUAN,17657,8400,9,819,SEATTLE-TACOMA,1.0,False,,,
53057,WA,SKAGIT,131132,51072,14,819,SEATTLE-TACOMA,1.0,False,34580,Mount Vernon-Anacortes WA,Metro
53059,WA,SKAMANIA,8361,3325,4,820,"PORTLAND, OR",1.0,False,38900,Portland-Vancouver-Hillsboro OR-WA,Metro
53061,WA,SNOHOMISH,824399,305515,35,819,SEATTLE-TACOMA,1.0,False,42660,Seattle-Tacoma-Bellevue WA,Metro
53063,WA,SPOKANE,546426,215192,52,881,SPOKANE,1.0,False,44060,Spokane-Spokane Valley WA,Metro
53065,WA,STEVENS,40046,16544,18,881,SPOKANE,1.0,False,44060,Spokane-Spokane Valley WA,Metro
53067,WA,THURSTON,293455,114967,21,819,SEATTLE-TACOMA,1.0,False,36500,Olympia-Lacey-Tumwater WA,Metro
53069,WA,WAHKIAKUM,4187,1779,4,820,"PORTLAND, OR",1.0,False,,,
53071,WA,WALLA WALLA,62753,23136,8,810,YAKIMA-PASCO-RCHLND-KNNWCK,1.0,False,47460,Walla Walla WA,Metro
53073,WA,WHATCOM,224947,89346,18,819,SEATTLE-TACOMA,1.0,False,13380,Bellingham WA,Metro
53075,WA,WHITMAN,48262,18758,22,881,SPOKANE,1.0,False,39420,Pullman WA,Micro
53077,WA,YAKIMA,257606,86155,25,810,YAKIMA-PASCO-RCHLND-KNNWCK,1.0,False,49420,Yakima WA,Metro
54001,WV,BARBOUR,15215,5840,6,598,CLARKSBURG-WESTON,1.0,False,,,
54003,WV,BERKELEY,122211,47315,12,511,"WASHINGTON, DC-HAGRSTWN",1.0,False,25180,Hagerstown-Martinsburg MD-WV,Metro
54005,WV,BOONE,21018,8546,28,564,CHARLESTON-HUNTINGTON,1.0,False,16620,Charleston WV,Metro
54007,WV,BRAXTON,11284,4654,10,564,CHARLESTON-HUNTINGTON,1.0,False,,,
54009,WV,BROOKE,18581,7785,7,554,WHEELING-STEUBENVILLE,1.0,False,48260,Weirton-Steubenville WV-OH,Metro
54011,WV,CABELL,92791,39084,45,564,CHARLESTON-HUNTINGTON,1.0,False,26580,Huntington-Ashland WV-KY-OH,Metro
54013,WV,CALHOUN,6313,2728,9,564,CHARLESTON-HUNTINGTON,1.0,False,,,
54015,WV,CLAY,8925,3631,14,564,CHARLESTON-HUNTINGTON,1.0,False,16620,Charleston WV,Metro
54017,WV,DODDRIDGE,4208,1739,4,598,CLARKSBURG-WESTON,1.0,False,17220,Clarksburg WV,Micro
54019,WV,FAYETTE,44480,18159,42,559,BLUEFIELD-BECKLEY-OAK HILL,1.0,False,13220,Beckley WV,Metro
54021,WV,GILMER,7206,2477,9,598,CLARKSBURG-WESTON,1.0,False,,,
54023,WV,GRANT,10335,4495,7,511,"WASHINGTON, DC-HAGRSTWN",1.0,False,,,
54025,WV,GREENBRIER,31505,13868,18,559,BLUEFIELD-BECKLEY-OAK HILL,1.0,False,,,
54027,WV,HAMPSHIRE,22414,9251,16,511,"WASHINGTON, DC-HAGRSTWN",1.0,False,49020,Winchester VA-WV,Metro
54029,WV,HANCOCK,32928,14652,5,554,WHEELING-STEUBENVILLE,1.0,False,48260,Weirton-Steubenville WV-OH,Metro
54031,WV,HARDY,13667,5760,8,511,"WASHINGTON, DC-HAGRSTWN",1.0,False,,,
54033,WV,HARRISON,69715,28668,20,598,CLARKSBURG-WESTON,1.0,False,17220,Clarksburg WV,Micro
54035,WV,JACKSON,28379,11756,11,564,CHARLESTON-HUNTINGTON,1.0,False,,,
54037,WV,JEFFERSON,59768,22691,11,511,"WASHINGTON, DC-HAGRSTWN",1.0,False,47900,Washington-Arlington-Alexandria DC-VA-MD-WV,Metro
54039,WV,KANAWHA,185280,81226,79,564,CHARLESTON-HUNTINGTON,1.0,False,16620,Charleston WV,Metro
54041,WV,LEWIS,18527,7738,9,598,CLARKSBURG-WESTON,1.0,False,,,
54043,WV,LINCOLN,20412,8188,13,564,CHARLESTON-HUNTINGTON,1.0,False,,,
54045,WV,LOGAN,32669,13065,32,564,CHARLESTON-HUNTINGTON,1.0,False,,,
54047,WV,MCDOWELL,20043,7855,36,559,BLUEFIELD-BECKLEY-OAK HILL,1.0,False,,,
54049,WV,MARION,60396,24926,18,598,CLARKSBURG-WESTON,1.0,False,21900,Fairmont WV,Micro
54051,WV,MARSHALL,26894,11374,8,554,WHEELING-STEUBENVILLE,1.0,False,48540,Wheeling WV-OH,Metro
54053,WV,MASON,25372,10543,14,564,CHARLESTON-HUNTINGTON,1.0,False,,,
54055,WV,MERCER,59668,25365,20,559,BLUEFIELD-BECKLEY-OAK HILL,1.0,False,14140,Bluefield WV-VA,Micro
54057,WV,MINERAL,27339,11261,8,511,"WASHINGTON, DC-HAGRSTWN",1.0,False,19060,Cumberland MD-WV,Micro
54059,WV,MINGO,24334,10287,22,564,CHARLESTON-HUNTINGTON,1.0,False,,,
54061,WV,MONONGALIA,102012,42858,16,508,PITTSBURGH,1.0,False,34060,Morgantown WV,Metro
54063,WV,MONROE,16430,6453,12,559,BLUEFIELD-BECKLEY-OAK HILL,1.0,False,,,
54065,WV,MORGAN,16383,6958,3,511,"WASHINGTON, DC-HAGRSTWN",1.0,False,25180,Hagerstown-Martinsburg MD-WV,Metro
54067,WV,NICHOLAS,24704,10634,19,564,CHARLESTON-HUNTINGTON,1.0,False,,,
54069,WV,OHIO,46695,20147,4,554,WHEELING-STEUBENVILLE,1.0,False,48540,Wheeling WV-OH,Metro
54071,WV,PENDLETON,6063,2696,8,569,HARRISONBURG,1.0,False,,,
54073,WV,PLEASANTS,7045,2673,2,597,PARKERSBURG,1.0,False,,,
54075,WV,POCAHONTAS,7840,3453,11,573,ROANOKE-LYNCHBURG,1.0,False,,,
54077,WV,PRESTON,34262,12976,14,508,PITTSBURGH,1.0,False,34060,Morgantown WV,Metro
54079,WV,PUTNAM,53527,21312,12,564,CHARLESTON-HUNTINGTON,1.0,False,26580,Huntington-Ashland WV-KY-OH,Metro
54081,WV,RALEIGH,70534,28622,44,559,BLUEFIELD-BECKLEY-OAK HILL,1.0,False,13220,Beckley WV,Metro
54083,WV,RANDOLPH,28402,11361,21,598,CLARKSBURG-WESTON,1.0,False,21180,Elkins WV,Micro
54085,WV,RITCHIE,9675,3816,10,598,CLARKSBURG-WESTON,1.0,False,,,
54087,WV,ROANE,12566,5313,8,564,CHARLESTON-HUNTINGTON,1.0,False,,,
54089,WV,SUMMERS,9268,4150,10,559,BLUEFIELD-BECKLEY-OAK HILL,1.0,False,,,
54091,WV,TAYLOR,14303,5724,5,598,CLARKSBURG-WESTON,1.0,False,17220,Clarksburg WV,Micro
54093,WV,TUCKER,6288,2784,6,598,CLARKSBURG-WESTON,1.0,False,,,
54095,WV,TYLER,7036,2954,5,554,WHEELING-STEUBENVILLE,1.0,False,,,
54097,WV,UPSHUR,23769,9600,10,598,CLARKSBURG-WESTON,1.0,False,,,
54099,WV,WAYNE,40759,16971,14,564,CHARLESTON-HUNTINGTON,1.0,False,26580,Huntington-Ashland WV-KY-OH,Metro
54101,WV,WEBSTER,8322,3589,8,598,CLARKSBURG-WESTON,1.0,False,,,
54103,WV,WETZEL,15457,6652,12,554,WHEELING-STEUBENVILLE,1.0,False,,,
54105,WV,WIRT,5463,2344,4,564,CHARLESTON-HUNTINGTON,1.0,False,37620,Parkersburg-Vienna WV,Metro
54107,WV,WOOD,84363,36224,16,597,PARKERSBURG,1.0,False,37620,Parkersburg-Vienna WV,Metro
54109,WV,WYOMING,20349,8127,36,559,BLUEFIELD-BECKLEY-OAK HILL,1.0,False,,,
55001,WI,ADAMS,10793,5008,4,705,WAUSAU-RHINELANDER,1.0,False,,,
55003,WI,ASHLAND,17720,7599,9,676,DULUTH-SUPERIOR,1.0,False,,,
55005,WI,BARRON,46287,19504,13,613,MINNEAPOLIS-SAINT PAUL,1.0,False,39960,Rice Lake WI,Micro
55007,WI,BAYFIELD,13661,6276,11,676,DULUTH-SUPERIOR,1.0,False,,,
55009,WI,BROWN,276239,110784,20,658,GREEN BAY-APPLETON,1.0,False,24580,Green Bay WI,Metro
55011,WI,BUFFALO,14456,6127,6,702,LA CROSSE-EAU CLAIRE,1.0,False,,,
55013,WI,BURNETT,14798,6745,5,613,MINNEAPOLIS-SAINT PAUL,1.0,False,,,
55015,WI,CALUMET,26291,10670,9,658,GREEN BAY-APPLETON,1.0,False,11540,Appleton WI,Metro
55017,WI,CHIPPEWA,64540,25677,10,702,LA CROSSE-EAU CLAIRE,1.0,False,20740,Eau Claire WI,Metro
55019,WI,CLARK,36266,13409,14,702,LA CROSSE-EAU CLAIRE,1.0,False,,,
55021,WI,COLUMBIA,66684,27249,14,669,MADISON,1.0,False,31540,Madison WI,Metro
55023,WI,CRAWFORD,15709,6622,9,702,LA CROSSE-EAU CLAIRE,1.0,False,,,
55025,WI,DANE,560040,237939,54,669,MADISON,1.0,False,31540,Madison WI,Metro
55027,WI,DODGE,91889,36453,22,617,MILWAUKEE,1.0,False,13180,Beaver Dam WI,Micro
55029,WI,DOOR,29535,13768,11,658,GREEN BAY-APPLETON,1.0,False,,,
55031,WI,DOUGLAS,44984,19541,11,676,DULUTH-SUPERIOR,1.0,False,20260,Duluth MN-WI,Metro
55033,WI,DUNN,44724,17104,12,613,MINNEAPOLIS-SAINT PAUL,1.0,False,32860,Menomonie WI,Micro
55035,WI,EAU CLAIRE,105478,42809,7,702,LA CROSSE-EAU CLAIRE,1.0,False,20740,Eau Claire WI,Metro
55037,WI,FLORENCE,3892,1843,3,553,MARQUETTE,1.0,False,27020,Iron Mountain MI-WI,Micro
55039,WI,FOND DU LAC,98878,40697,15,658,GREEN BAY-APPLETON,1.0,False,22540,Fond du Lac WI,Metro
55041,WI,FOREST,8633,3710,5,705,WAUSAU-RHINELANDER,1.0,False,,,
55043,WI,GRANT,56234,21561,23,669,MADISON,1.0,False,38420,Platteville WI,Micro
55045,WI,GREEN,37120,15398,8,669,MADISON,1.0,False,31540,Madison WI,Metro
55047,WI,GREEN LAKE,20581,8703,7,658,GREEN BAY-APPLETON,1.0,False,,,
55049,WI,IOWA,22624,9413,13,669,MADISON,1.0,False,31540,Madison WI,Metro
55051,WI,IRON,6067,2914,7,676,DULUTH-SUPERIOR,1.0,False,,,
55053,WI,JACKSON,19422,7455,7,702,LA CROSSE-EAU CLAIRE,1.0,False,,,
55055,WI,JEFFERSON,76885,31121,10,617,MILWAUKEE,1.0,False,48020,Watertown-Fort Atkinson WI,Micro
55057,WI,JUNEAU,27565,10971,10,669,MADISON,1.0,False,,,
55059,WI,KENOSHA,161792,63963,19,617,MILWAUKEE,1.0,False,28450,Kenosha WI,Metro
55061,WI,KEWAUNEE,21274,8658,4,658,GREEN BAY-APPLETON,1.0,False,24580,Green Bay WI,Metro
55063,WI,LA CROSSE,119768,49661,9,702,LA CROSSE-EAU CLAIRE,1.0,False,29100,La Crosse-Onalaska WI-MN,Metro
55065,WI,LAFAYETTE,15779,6422,9,669,MADISON,1.0,False,,,
55067,WI,LANGLADE,19579,8733,10,705,WAUSAU-RHINELANDER,1.0,False,,,
55069,WI,LINCOLN,31830,13917,5,705,WAUSAU-RHINELANDER,1.0,False,,,
55071,WI,MANITOWOC,80792,34833,16,658,GREEN BAY-APPLETON,1.0,False,31820,Manitowoc WI,Micro
55073,WI,MARATHON,129870,53347,18,705,WAUSAU-RHINELANDER,1.0,False,48140,Wausau WI,Metro
55075,WI,MARINETTE,44542,19958,13,658,GREEN BAY-APPLETON,1.0,False,31940,Marinette WI-MI,Micro
55077,WI,MARQUETTE,18458,7705,7,669,MADISON,1.0,False,,,
55078,WI,MENOMINEE,4132,1310,2,658,GREEN BAY-APPLETON,1.0,False,43020,Shawano WI,Micro
55079,WI,MILWAUKEE,939612,393647,46,617,MILWAUKEE,1.0,False,33340,Milwaukee-Waukesha WI,Metro
55081,WI,MONROE,46321,18171,10,702,LA CROSSE-EAU CLAIRE,1.0,False,43890,Sparta WI,Micro
55083,WI,OCONTO,35397,14984,11,658,GREEN BAY-APPLETON,1.0,False,24580,Green Bay WI,Metro
55085,WI,ONEIDA,38708,17881,10,705,WAUSAU-RHINELANDER,1.0,False,,,
55087,WI,OUTAGAMIE,209324,83753,19,658,GREEN BAY-APPLETON,1.0,False,11540,Appleton WI,Metro
55089,WI,OZAUKEE,92770,37445,8,617,MILWAUKEE,1.0,False,33340,Milwaukee-Waukesha WI,Metro
55091,WI,PEPIN,7374,3145,4,702,LA CROSSE-EAU CLAIRE,1.0,False,,,
55093,WI,PIERCE,49556,18913,10,613,MINNEAPOLIS-SAINT PAUL,1.0,False,33460,Minneapolis-St. Paul-Bloomington MN-WI,Metro
55095,WI,POLK,45736,19214,13,613,MINNEAPOLIS-SAINT PAUL,1.0,False,,,
55097,WI,PORTAGE,67891,28118,12,705,WAUSAU-RHINELANDER,1.0,False,44620,Stevens Point-Plover WI,Micro
55099,WI,PRICE,13759,6340,8,705,WAUSAU-RHINELANDER,1.0,False,,,
55101,WI,RACINE,207878,82949,15,617,MILWAUKEE,1.0,False,39540,Racine-Mount Pleasant WI,Metro
55103,WI,RICHLAND,15849,6629,6,669,MADISON,0.8969,True,,,
55105,WI,ROCK,163267,65857,15,669,MADISON,1.0,False,27500,Janesville-Beloit WI,Metro
55107,WI,RUSK,13857,5994,8,702,LA CROSSE-EAU CLAIRE,1.0,False,,,
55109,WI,SAINT CROIX,85820,32779,11,613,MINNEAPOLIS-SAINT PAUL,1.0,False,33460,Minneapolis-St. Paul-Bloomington MN-WI,Metro
55111,WI,SAUK,63733,26262,15,669,MADISON,1.0,False,12660,Baraboo WI,Micro
55113,WI,SAWYER,18502,8202,7,676,DULUTH-SUPERIOR,1.0,False,,,
55115,WI,SHAWANO,36811,15551,14,658,GREEN BAY-APPLETON,1.0,False,43020,Shawano WI,Micro
55117,WI,SHEBOYGAN,118054,48702,16,617,MILWAUKEE,1.0,False,43100,Sheboygan WI,Metro
55119,WI,TAYLOR,18090,7432,6,705,WAUSAU-RHINELANDER,1.0,False,,,
55121,WI,TREMPEALEAU,35297,13894,12,702,LA CROSSE-EAU CLAIRE,1.0,False,,,
55123,WI,VERNON,30919,12286,11,702,LA CROSSE-EAU CLAIRE,1.0,False,29100,La Crosse-Onalaska WI-MN,Metro
55125,WI,VILAS,20858,9717,11,705,WAUSAU-RHINELANDER,1.0,False,,,
55127,WI,WALWORTH,107228,42040,16,617,MILWAUKEE,1.0,False,48580,Whitewater-Elkhorn WI,Micro
55129,WI,WASHBURN,18523,8383,7,613,MINNEAPOLIS-SAINT PAUL,1.0,False,,,
55131,WI,WASHINGTON,136769,55925,12,617,MILWAUKEE,1.0,False,33340,Milwaukee-Waukesha WI,Metro
55133,WI,WAUKESHA,411892,166531,31,617,MILWAUKEE,1.0,False,33340,Milwaukee-Waukesha WI,Metro
55135,WI,WAUPACA,59741,25255,14,658,GREEN BAY-APPLETON,1.0,False,,,
55137,WI,WAUSHARA,21511,8911,9,658,GREEN BAY-APPLETON,1.0,False,,,
55139,WI,WINNEBAGO,172848,71419,15,658,GREEN BAY-APPLETON,1.0,False,36780,Oshkosh-Neenah WI,Metro
55141,WI,WOOD,84016,36460,14,705,WAUSAU-RHINELANDER,1.0,False,49220,Wisconsin Rapids-Marshfield WI,Micro
56001,WY,ALBANY,37050,15950,11,751,DENVER,1.0,False,29660,Laramie WY,Micro
56003,WY,BIG HORN,11341,4401,12,756,BILLINGS,1.0,False,,,
56005,WY,CAMPBELL,46937,17789,7,751,DENVER,1.0,False,23940,Gillette WY,Micro
56007,WY,CARBON,14356,5879,12,751,DENVER,1.0,False,,,
56009,WY,CONVERSE,13692,5667,4,767,CASPER-RIVERTON,1.0,False,,,
56011,WY,CROOK,7050,2875,7,764,RAPID CITY,1.0,False,,,
56013,WY,FREMONT,39234,15150,13,767,CASPER-RIVERTON,1.0,False,40180,Riverton WY,Micro
56015,WY,GOSHEN,12424,5025,9,759,CHEYENNE-SCOTTSBLUFF,1.0,False,,,
56017,WY,HOT SPRINGS,4591,2023,2,767,CASPER-RIVERTON,1.0,False,,,
56019,WY,JOHNSON,8292,3658,4,751,DENVER,1.0,False,,,
56021,WY,LARAMIE,100548,41455,16,759,CHEYENNE-SCOTTSBLUFF,1.0,False,16940,Cheyenne WY,Metro
56023,WY,LINCOLN,19716,7591,16,770,SALT LAKE CITY,1.0,False,,,
56025,WY,NATRONA,79941,32686,14,767,CASPER-RIVERTON,1.0,False,16220,Casper WY,Metro
56027,WY,NIOBRARA,2445,998,4,751,DENVER,1.0,False,,,
56029,WY,PARK,29826,12756,7,756,BILLINGS,1.0,False,17650,Cody WY,Micro
56031,WY,PLATTE,8744,3853,5,751,DENVER,1.0,False,,,
56033,WY,SHERIDAN,31187,13447,12,764,RAPID CITY,1.0,False,43260,Sheridan WY,Micro
56035,WY,SUBLETTE,8726,3606,6,770,SALT LAKE CITY,1.0,False,,,
56037,WY,SWEETWATER,42216,16606,12,770,SALT LAKE CITY,1.0,False,40540,Rock Springs WY,Micro
56039,WY,TETON,23242,9580,8,758,IDAHO FALLS-POCATELLO,1.0,False,27220,Jackson WY-ID,Micro
56041,WY,UINTA,20443,7726,7,770,SALT LAKE CITY,1.0,False,21740,Evanston WY-UT,Micro
56043,WY,WASHAKIE,7743,3299,2,767,CASPER-RIVERTON,1.0,False,,,
56045,WY,WESTON,6978,2865,4,764,RAPID CITY,1.0,False,,,
